<?xml version="1.0" encoding="utf-8"?>
<COLLADA xmlns="http://www.collada.org/2005/11/COLLADASchema" version="1.4.1" xmlns:xsi="http://www.w3.org/2001/XMLSchema-instance">
  <asset>
    <contributor>
      <author>Blender User</author>
      <authoring_tool>Blender 4.2.18 LTS commit date:2026-02-16, commit time:13:37, hash:d71e3422e438</authoring_tool>
    </contributor>
    <created>2026-04-12T23:39:53</created>
    <modified>2026-04-12T23:39:53</modified>
    <unit name="meter" meter="1"/>
    <up_axis>Z_UP</up_axis>
  </asset>
  <library_effects>
    <effect id="Material-effect">
      <profile_COMMON>
        <technique sid="common">
          <lambert>
            <emission>
              <color sid="emission">0 0 0 1</color>
            </emission>
            <diffuse>
              <color sid="diffuse">0.8 0.8 0.8 1</color>
            </diffuse>
            <index_of_refraction>
              <float sid="ior">1.45</float>
            </index_of_refraction>
          </lambert>
        </technique>
      </profile_COMMON>
    </effect>
  </library_effects>
  <library_images/>
  <library_materials>
    <material id="Material-material" name="Material">
      <instance_effect url="#Material-effect"/>
    </material>
  </library_materials>
  <library_geometries>
    <geometry id="Cylinder_011-mesh" name="Cylinder.011">
      <mesh>
        <source id="Cylinder_011-mesh-positions">
          <float_array id="Cylinder_011-mesh-positions-array" count="1656">-0.8815879 -1.14991 -0.731578 -0.5815879 -1.14991 -0.7315781 -0.8815879 -1.150871 -0.7413325 -0.5815879 -1.150871 -0.7413325 -0.8815879 -1.153716 -0.7507122 -0.5815879 -1.153716 -0.7507122 -0.8815879 -1.158336 -0.7593565 -0.5815879 -1.158336 -0.7593566 -0.8815879 -1.164555 -0.7669333 -0.5815879 -1.164555 -0.7669334 -0.8815879 -1.172131 -0.7731515 -0.5815879 -1.172131 -0.7731515 -0.8815879 -1.180776 -0.777772 -0.5815879 -1.180776 -0.777772 -0.8815879 -1.190155 -0.7806172 -0.5815879 -1.190155 -0.7806173 -0.8815879 -1.19991 -0.781578 -0.5815879 -1.19991 -0.781578 -0.8815879 -1.209665 -0.7806172 -0.5815879 -1.209665 -0.7806173 -0.8815879 -1.219044 -0.777772 -0.5815879 -1.219044 -0.777772 -0.8815879 -1.227689 -0.7731515 -0.5815879 -1.227689 -0.7731515 -0.8815879 -1.235265 -0.7669333 -0.5815879 -1.235265 -0.7669334 -0.8815879 -1.241484 -0.7593565 -0.5815879 -1.241484 -0.7593566 -0.8815879 -1.246104 -0.7507122 -0.5815879 -1.246104 -0.7507122 -0.8815879 -1.248949 -0.7413325 -0.5815879 -1.248949 -0.7413325 -0.8815879 -1.24991 -0.731578 -0.5815879 -1.24991 -0.7315781 -0.8815879 -1.248949 -0.7218235 -0.5815879 -1.248949 -0.7218235 -0.8815879 -1.246104 -0.7124438 -0.5815879 -1.246104 -0.7124438 -0.8815879 -1.241484 -0.7037994 -0.5815879 -1.241484 -0.7037995 -0.8815879 -1.235265 -0.6962227 -0.5815879 -1.235265 -0.6962227 -0.8815879 -1.227689 -0.6900045 -0.5815879 -1.227689 -0.6900045 -0.8815879 -1.219044 -0.685384 -0.5815879 -1.219044 -0.685384 -0.8815879 -1.209665 -0.6825387 -0.5815879 -1.209665 -0.6825388 -0.8815879 -1.19991 -0.681578 -0.5815879 -1.19991 -0.681578 -0.8815879 -1.190155 -0.6825387 -0.5815879 -1.190155 -0.6825388 -0.8815879 -1.180776 -0.685384 -0.5815879 -1.180776 -0.685384 -0.8815879 -1.172131 -0.6900045 -0.5815879 -1.172131 -0.6900045 -0.8815879 -1.164555 -0.6962227 -0.5815879 -1.164555 -0.6962227 -0.8815879 -1.158336 -0.7037994 -0.5815879 -1.158336 -0.7037995 -0.8815879 -1.153716 -0.7124438 -0.5815879 -1.153716 -0.7124438 -0.8815879 -1.150871 -0.7218235 -0.5815879 -1.150871 -0.7218235 0.7500001 1.75 0.1604479 0.7500001 1.75 -0.1395519 0.7500001 -1.75 0.1604479 0.7500001 -1.75 -0.1395519 -0.7499999 1.75 0.160448 -0.7499999 1.75 -0.1395519 -0.7499999 -1.75 0.160448 -0.7499999 -1.75 -0.1395519 0.6197072 1.25 -0.7684444 0.3802931 1.25 -0.1106595 0.6288735 1.249039 -0.7651082 0.3894593 1.249039 -0.1073233 0.6376875 1.246194 -0.7619001 0.3982733 1.246194 -0.1041152 0.6458104 1.241574 -0.7589436 0.4063963 1.241574 -0.1011587 0.6529304 1.235355 -0.7563522 0.4135162 1.235355 -0.09856736 0.6587734 1.227778 -0.7542254 0.4193593 1.227778 -0.09644055 0.6631153 1.219134 -0.7526452 0.4237012 1.219134 -0.09486031 0.665789 1.209755 -0.751672 0.4263749 1.209755 -0.09388715 0.6666918 1.2 -0.7513434 0.4272778 1.2 -0.09355854 0.665789 1.190245 -0.751672 0.4263749 1.190245 -0.09388715 0.6631153 1.180866 -0.7526452 0.4237012 1.180866 -0.09486031 0.6587734 1.172222 -0.7542254 0.4193593 1.172222 -0.09644055 0.6529304 1.164645 -0.7563522 0.4135162 1.164645 -0.09856736 0.6458104 1.158427 -0.7589436 0.4063963 1.158427 -0.1011587 0.6376875 1.153806 -0.7619001 0.3982733 1.153806 -0.1041152 0.6288735 1.150961 -0.7651082 0.3894593 1.150961 -0.1073233 0.6197072 1.15 -0.7684444 0.3802931 1.15 -0.1106595 0.6105409 1.150961 -0.7717807 0.3711268 1.150961 -0.1139957 0.601727 1.153806 -0.7749887 0.3623128 1.153806 -0.1172038 0.5936039 1.158427 -0.7779452 0.3541898 1.158427 -0.1201603 0.586484 1.164645 -0.7805366 0.3470699 1.164645 -0.1227517 0.5806409 1.172222 -0.7826634 0.3412268 1.172222 -0.1248785 0.576299 1.180866 -0.7842437 0.3368849 1.180866 -0.1264588 0.5736254 1.190245 -0.7852168 0.3342112 1.190245 -0.1274319 0.5727226 1.2 -0.7855454 0.3333084 1.2 -0.1277605 0.5736254 1.209755 -0.7852168 0.3342112 1.209755 -0.1274319 0.576299 1.219134 -0.7842437 0.3368849 1.219134 -0.1264588 0.5806409 1.227778 -0.7826634 0.3412268 1.227778 -0.1248785 0.586484 1.235355 -0.7805366 0.3470699 1.235355 -0.1227517 0.5936039 1.241574 -0.7779452 0.3541898 1.241574 -0.1201603 0.601727 1.246194 -0.7749887 0.3623128 1.246194 -0.1172038 0.6105409 1.249039 -0.7717807 0.3711268 1.249039 -0.1139957 -0.6197069 1.25 -0.7684445 -0.3802928 1.25 -0.1106595 -0.6105407 1.249039 -0.7717807 -0.3711265 1.249039 -0.1139958 -0.6017267 1.246194 -0.7749887 -0.3623126 1.246194 -0.1172038 -0.5936036 1.241574 -0.7779453 -0.3541895 1.241574 -0.1201604 -0.5864838 1.235355 -0.7805367 -0.3470697 1.235355 -0.1227518 -0.5806406 1.227778 -0.7826634 -0.3412265 1.227778 -0.1248785 -0.5762987 1.219134 -0.7842438 -0.3368846 1.219134 -0.1264588 -0.573625 1.209755 -0.7852169 -0.3342109 1.209755 -0.1274319 -0.5727223 1.2 -0.7855455 -0.3333082 1.2 -0.1277605 -0.573625 1.190245 -0.7852169 -0.3342109 1.190245 -0.1274319 -0.5762987 1.180866 -0.7842438 -0.3368846 1.180866 -0.1264588 -0.5806406 1.172222 -0.7826634 -0.3412265 1.172222 -0.1248785 -0.5864838 1.164645 -0.7805367 -0.3470697 1.164645 -0.1227518 -0.5936036 1.158427 -0.7779453 -0.3541895 1.158427 -0.1201604 -0.6017267 1.153806 -0.7749887 -0.3623126 1.153806 -0.1172038 -0.6105407 1.150961 -0.7717807 -0.3711265 1.150961 -0.1139958 -0.6197069 1.15 -0.7684445 -0.3802928 1.15 -0.1106595 -0.6288731 1.150961 -0.7651082 -0.3894591 1.150961 -0.1073233 -0.6376872 1.153806 -0.7619002 -0.3982731 1.153806 -0.1041153 -0.6458101 1.158427 -0.7589436 -0.406396 1.158427 -0.1011587 -0.65293 1.164645 -0.7563522 -0.4135159 1.164645 -0.0985673 -0.6587732 1.172222 -0.7542255 -0.4193591 1.172222 -0.09644061 -0.663115 1.180866 -0.7526452 -0.4237009 1.180866 -0.09486031 -0.6657888 1.190245 -0.751672 -0.4263747 1.190245 -0.09388715 -0.6666916 1.2 -0.7513434 -0.4272775 1.2 -0.09355854 -0.6657888 1.209755 -0.751672 -0.4263747 1.209755 -0.09388715 -0.663115 1.219134 -0.7526452 -0.4237009 1.219134 -0.09486031 -0.6587732 1.227778 -0.7542255 -0.4193591 1.227778 -0.09644061 -0.65293 1.235355 -0.7563522 -0.4135159 1.235355 -0.0985673 -0.6458101 1.241574 -0.7589436 -0.406396 1.241574 -0.1011587 -0.6376872 1.246194 -0.7619002 -0.3982731 1.246194 -0.1041153 -0.6288731 1.249039 -0.7651082 -0.3894591 1.249039 -0.1073233 -0.6197069 -1.15 -0.7684445 -0.3802928 -1.15 -0.1106595 -0.6105407 -1.150961 -0.7717807 -0.3711265 -1.150961 -0.1139958 -0.6017267 -1.153806 -0.7749887 -0.3623126 -1.153806 -0.1172038 -0.5936036 -1.158427 -0.7779453 -0.3541895 -1.158427 -0.1201604 -0.5864838 -1.164645 -0.7805367 -0.3470697 -1.164645 -0.1227518 -0.5806406 -1.172222 -0.7826634 -0.3412265 -1.172222 -0.1248785 -0.5762987 -1.180866 -0.7842438 -0.3368846 -1.180866 -0.1264588 -0.573625 -1.190245 -0.7852169 -0.3342109 -1.190245 -0.1274319 -0.5727223 -1.2 -0.7855455 -0.3333082 -1.2 -0.1277605 -0.573625 -1.209755 -0.7852169 -0.3342109 -1.209755 -0.1274319 -0.5762987 -1.219134 -0.7842438 -0.3368846 -1.219134 -0.1264588 -0.5806406 -1.227779 -0.7826634 -0.3412265 -1.227779 -0.1248785 -0.5864838 -1.235355 -0.7805367 -0.3470697 -1.235355 -0.1227518 -0.5936036 -1.241574 -0.7779453 -0.3541895 -1.241574 -0.1201604 -0.6017267 -1.246194 -0.7749887 -0.3623126 -1.246194 -0.1172038 -0.6105407 -1.249039 -0.7717807 -0.3711265 -1.249039 -0.1139958 -0.6197069 -1.25 -0.7684445 -0.3802928 -1.25 -0.1106595 -0.6288731 -1.249039 -0.7651082 -0.3894591 -1.249039 -0.1073233 -0.6376872 -1.246194 -0.7619002 -0.3982731 -1.246194 -0.1041153 -0.6458101 -1.241574 -0.7589436 -0.406396 -1.241574 -0.1011587 -0.65293 -1.235355 -0.7563522 -0.4135159 -1.235355 -0.0985673 -0.6587732 -1.227779 -0.7542255 -0.4193591 -1.227779 -0.09644061 -0.663115 -1.219134 -0.7526452 -0.4237009 -1.219134 -0.09486031 -0.6657888 -1.209755 -0.751672 -0.4263747 -1.209755 -0.09388715 -0.6666916 -1.2 -0.7513434 -0.4272775 -1.2 -0.09355854 -0.6657888 -1.190245 -0.751672 -0.4263747 -1.190245 -0.09388715 -0.663115 -1.180866 -0.7526452 -0.4237009 -1.180866 -0.09486031 -0.6587732 -1.172222 -0.7542255 -0.4193591 -1.172222 -0.09644061 -0.65293 -1.164645 -0.7563522 -0.4135159 -1.164645 -0.0985673 -0.6458101 -1.158427 -0.7589436 -0.406396 -1.158427 -0.1011587 -0.6376872 -1.153806 -0.7619002 -0.3982731 -1.153806 -0.1041153 -0.6288731 -1.150961 -0.7651082 -0.3894591 -1.150961 -0.1073233 0.6197072 -1.15 -0.7684444 0.3802931 -1.15 -0.1106595 0.6288735 -1.150961 -0.7651082 0.3894593 -1.150961 -0.1073233 0.6376875 -1.153806 -0.7619001 0.3982733 -1.153806 -0.1041152 0.6458104 -1.158427 -0.7589436 0.4063963 -1.158427 -0.1011587 0.6529304 -1.164645 -0.7563522 0.4135162 -1.164645 -0.09856736 0.6587734 -1.172222 -0.7542254 0.4193593 -1.172222 -0.09644055 0.6631153 -1.180866 -0.7526452 0.4237012 -1.180866 -0.09486031 0.665789 -1.190245 -0.751672 0.4263749 -1.190245 -0.09388715 0.6666918 -1.2 -0.7513434 0.4272778 -1.2 -0.09355854 0.665789 -1.209755 -0.751672 0.4263749 -1.209755 -0.09388715 0.6631153 -1.219134 -0.7526452 0.4237012 -1.219134 -0.09486031 0.6587734 -1.227779 -0.7542254 0.4193593 -1.227779 -0.09644055 0.6529304 -1.235355 -0.7563522 0.4135162 -1.235355 -0.09856736 0.6458104 -1.241574 -0.7589436 0.4063963 -1.241574 -0.1011587 0.6376875 -1.246194 -0.7619001 0.3982733 -1.246194 -0.1041152 0.6288735 -1.249039 -0.7651082 0.3894593 -1.249039 -0.1073233 0.6197072 -1.25 -0.7684444 0.3802931 -1.25 -0.1106595 0.6105409 -1.249039 -0.7717807 0.3711268 -1.249039 -0.1139957 0.601727 -1.246194 -0.7749887 0.3623128 -1.246194 -0.1172038 0.5936039 -1.241574 -0.7779452 0.3541898 -1.241574 -0.1201603 0.586484 -1.235355 -0.7805366 0.3470699 -1.235355 -0.1227517 0.5806409 -1.227779 -0.7826634 0.3412268 -1.227779 -0.1248785 0.576299 -1.219134 -0.7842437 0.3368849 -1.219134 -0.1264588 0.5736254 -1.209755 -0.7852168 0.3342112 -1.209755 -0.1274319 0.5727226 -1.2 -0.7855454 0.3333084 -1.2 -0.1277605 0.5736254 -1.190245 -0.7852168 0.3342112 -1.190245 -0.1274319 0.576299 -1.180866 -0.7842437 0.3368849 -1.180866 -0.1264588 0.5806409 -1.172222 -0.7826634 0.3412268 -1.172222 -0.1248785 0.586484 -1.164645 -0.7805366 0.3470699 -1.164645 -0.1227517 0.5936039 -1.158427 -0.7779452 0.3541898 -1.158427 -0.1201603 0.601727 -1.153806 -0.7749887 0.3623128 -1.153806 -0.1172038 0.6105409 -1.150961 -0.7717807 0.3711268 -1.150961 -0.1139957 0.5815882 1.249907 -0.731578 0.8815882 1.249907 -0.7315781 0.5815882 1.248946 -0.7413325 0.8815882 1.248946 -0.7413325 0.5815882 1.246101 -0.7507122 0.8815882 1.246101 -0.7507122 0.5815882 1.24148 -0.7593564 0.8815882 1.24148 -0.7593565 0.5815882 1.235262 -0.7669333 0.8815882 1.235262 -0.7669334 0.5815882 1.227685 -0.7731515 0.8815882 1.227685 -0.7731515 0.5815882 1.219041 -0.777772 0.8815882 1.219041 -0.777772 0.5815882 1.209661 -0.7806172 0.8815882 1.209661 -0.7806173 0.5815882 1.199907 -0.781578 0.8815882 1.199907 -0.7815781 0.5815882 1.190152 -0.7806172 0.8815882 1.190152 -0.7806173 0.5815882 1.180773 -0.777772 0.8815882 1.180773 -0.777772 0.5815882 1.172129 -0.7731515 0.8815882 1.172129 -0.7731515 0.5815882 1.164552 -0.7669333 0.8815882 1.164552 -0.7669334 0.5815882 1.158333 -0.7593564 0.8815882 1.158333 -0.7593565 0.5815882 1.153713 -0.7507122 0.8815882 1.153713 -0.7507122 0.5815882 1.150868 -0.7413325 0.8815882 1.150868 -0.7413325 0.5815882 1.149907 -0.731578 0.8815882 1.149907 -0.7315781 0.5815882 1.150868 -0.7218235 0.8815882 1.150868 -0.7218235 0.5815882 1.153713 -0.7124438 0.8815882 1.153713 -0.7124438 0.5815882 1.158333 -0.7037994 0.8815882 1.158333 -0.7037995 0.5815882 1.164552 -0.6962227 0.8815882 1.164552 -0.6962227 0.5815882 1.172129 -0.6900045 0.8815882 1.172129 -0.6900046 0.5815882 1.180773 -0.685384 0.8815882 1.180773 -0.685384 0.5815882 1.190152 -0.6825387 0.8815882 1.190152 -0.6825388 0.5815883 1.199907 -0.681578 0.8815883 1.199907 -0.681578 0.5815882 1.209661 -0.6825387 0.8815882 1.209661 -0.6825388 0.5815882 1.219041 -0.685384 0.8815882 1.219041 -0.685384 0.5815882 1.227685 -0.6900045 0.8815882 1.227685 -0.6900046 0.5815882 1.235262 -0.6962227 0.8815882 1.235262 -0.6962227 0.5815882 1.24148 -0.7037994 0.8815882 1.24148 -0.7037995 0.5815882 1.246101 -0.7124438 0.8815882 1.246101 -0.7124438 0.5815882 1.248946 -0.7218235 0.8815882 1.248946 -0.7218235 -0.8815879 1.249907 -0.731578 -0.5815879 1.249907 -0.7315781 -0.8815879 1.248946 -0.7413325 -0.5815879 1.248946 -0.7413325 -0.8815879 1.246101 -0.7507122 -0.5815879 1.246101 -0.7507122 -0.8815879 1.24148 -0.7593565 -0.5815879 1.24148 -0.7593566 -0.8815879 1.235262 -0.7669333 -0.5815879 1.235262 -0.7669334 -0.8815879 1.227685 -0.7731515 -0.5815879 1.227685 -0.7731515 -0.8815879 1.219041 -0.777772 -0.5815879 1.219041 -0.777772 -0.8815879 1.209661 -0.7806172 -0.5815879 1.209661 -0.7806173 -0.8815879 1.199907 -0.781578 -0.5815879 1.199907 -0.781578 -0.8815879 1.190152 -0.7806172 -0.5815879 1.190152 -0.7806173 -0.8815879 1.180773 -0.777772 -0.5815879 1.180773 -0.777772 -0.8815879 1.172129 -0.7731515 -0.5815879 1.172129 -0.7731515 -0.8815879 1.164552 -0.7669333 -0.5815879 1.164552 -0.7669334 -0.8815879 1.158333 -0.7593565 -0.5815879 1.158333 -0.7593566 -0.8815879 1.153713 -0.7507122 -0.5815879 1.153713 -0.7507122 -0.8815879 1.150868 -0.7413325 -0.5815879 1.150868 -0.7413325 -0.8815879 1.149907 -0.731578 -0.5815879 1.149907 -0.7315781 -0.8815879 1.150868 -0.7218235 -0.5815879 1.150868 -0.7218235 -0.8815879 1.153713 -0.7124438 -0.5815879 1.153713 -0.7124438 -0.8815879 1.158333 -0.7037995 -0.5815879 1.158333 -0.7037996 -0.8815879 1.164552 -0.6962227 -0.5815879 1.164552 -0.6962227 -0.8815879 1.172129 -0.6900045 -0.5815879 1.172129 -0.6900045 -0.8815879 1.180773 -0.685384 -0.5815879 1.180773 -0.685384 -0.8815879 1.190152 -0.6825387 -0.5815879 1.190152 -0.6825388 -0.8815878 1.199907 -0.681578 -0.5815878 1.199907 -0.681578 -0.8815879 1.209661 -0.6825387 -0.5815879 1.209661 -0.6825388 -0.8815879 1.219041 -0.685384 -0.5815879 1.219041 -0.685384 -0.8815879 1.227685 -0.6900045 -0.5815879 1.227685 -0.6900045 -0.8815879 1.235262 -0.6962227 -0.5815879 1.235262 -0.6962227 -0.8815879 1.24148 -0.7037995 -0.5815879 1.24148 -0.7037996 -0.8815879 1.246101 -0.7124438 -0.5815879 1.246101 -0.7124438 -0.8815879 1.248946 -0.7218235 -0.5815879 1.248946 -0.7218235 0.5815882 -1.14991 -0.731578 0.8815882 -1.14991 -0.7315781 0.5815882 -1.150871 -0.7413325 0.8815882 -1.150871 -0.7413325 0.5815882 -1.153716 -0.7507122 0.8815882 -1.153716 -0.7507122 0.5815882 -1.158336 -0.7593564 0.8815882 -1.158336 -0.7593565 0.5815882 -1.164555 -0.7669333 0.8815882 -1.164555 -0.7669334 0.5815882 -1.172132 -0.7731515 0.8815882 -1.172132 -0.7731515 0.5815882 -1.180776 -0.777772 0.8815882 -1.180776 -0.777772 0.5815882 -1.190155 -0.7806172 0.8815882 -1.190155 -0.7806173 0.5815882 -1.19991 -0.781578 0.8815882 -1.19991 -0.7815781 0.5815882 -1.209665 -0.7806172 0.8815882 -1.209665 -0.7806173 0.5815882 -1.219044 -0.777772 0.8815882 -1.219044 -0.777772 0.5815882 -1.227689 -0.7731515 0.8815882 -1.227689 -0.7731515 0.5815882 -1.235265 -0.7669333 0.8815882 -1.235265 -0.7669334 0.5815882 -1.241484 -0.7593564 0.8815882 -1.241484 -0.7593565 0.5815882 -1.246104 -0.7507122 0.8815882 -1.246104 -0.7507122 0.5815882 -1.248949 -0.7413325 0.8815882 -1.248949 -0.7413325 0.5815882 -1.24991 -0.731578 0.8815882 -1.24991 -0.7315781 0.5815882 -1.248949 -0.7218235 0.8815882 -1.248949 -0.7218235 0.5815882 -1.246104 -0.7124438 0.8815882 -1.246104 -0.7124438 0.5815882 -1.241484 -0.7037994 0.8815882 -1.241484 -0.7037995 0.5815882 -1.235265 -0.6962227 0.8815882 -1.235265 -0.6962227 0.5815882 -1.227689 -0.6900045 0.8815882 -1.227689 -0.6900046 0.5815882 -1.219044 -0.685384 0.8815882 -1.219044 -0.685384 0.5815882 -1.209665 -0.6825387 0.8815882 -1.209665 -0.6825388 0.5815883 -1.19991 -0.681578 0.8815883 -1.19991 -0.681578 0.5815882 -1.190155 -0.6825387 0.8815882 -1.190155 -0.6825388 0.5815882 -1.180776 -0.685384 0.8815882 -1.180776 -0.685384 0.5815882 -1.172132 -0.6900045 0.8815882 -1.172132 -0.6900046 0.5815882 -1.164555 -0.6962227 0.8815882 -1.164555 -0.6962227 0.5815882 -1.158336 -0.7037994 0.8815882 -1.158336 -0.7037995 0.5815882 -1.153716 -0.7124438 0.8815882 -1.153716 -0.7124438 0.5815882 -1.150871 -0.7218235 0.8815882 -1.150871 -0.7218235 -0.7499999 -0.5000805 0.160448 -0.7499999 -0.5000805 0.860448 -0.7499999 -0.4500805 0.160448 -0.7499999 -0.4500805 0.860448 0.7500001 -0.5000805 0.160448 0.7500001 -0.5000805 0.860448 0.7500001 -0.4500805 0.160448 0.7500001 -0.4500805 0.860448 -0.6999999 -1.7 0.1604478 -0.6999999 -1.7 0.8604478 -0.7499999 -1.7 0.1604478 -0.7499999 -1.7 0.8604478 -0.6999999 -0.5 0.1604478 -0.6999999 -0.5 0.8604478 -0.75 -0.5 0.1604478 -0.75 -0.5 0.8604478 -0.7499999 -1.745 0.1604478 -0.7499999 -1.745 0.8604478 -0.7499999 -1.695 0.1604478 -0.7499999 -1.695 0.8604478 0.7500001 -1.745 0.1604478 0.7500001 -1.745 0.8604478 0.7500001 -1.695 0.1604478 0.7500001 -1.695 0.8604478 0.7500002 -1.7 0.1604478 0.7500002 -1.7 0.8604478 0.7000002 -1.7 0.1604478 0.7000002 -1.7 0.8604478 0.7500001 -0.5 0.1604478 0.7500001 -0.5 0.8604478 0.7000001 -0.5 0.1604478 0.7000001 -0.5 0.8604478</float_array>
          <technique_common>
            <accessor source="#Cylinder_011-mesh-positions-array" count="552" stride="3">
              <param name="X" type="float"/>
              <param name="Y" type="float"/>
              <param name="Z" type="float"/>
            </accessor>
          </technique_common>
        </source>
        <source id="Cylinder_011-mesh-normals">
          <float_array id="Cylinder_011-mesh-normals-array" count="3156">0 0.995185 -0.09801465 0 0.9569405 -0.2902838 0 0.8819189 -0.471401 -1.26042e-7 0.7730136 -0.6343895 -1.53583e-7 0.6343932 -0.7730107 -1.75223e-7 0.4713913 -0.8819242 -1.90127e-7 0.2902889 -0.9569391 -1.97726e-7 0.09801286 -0.9951852 -1.97725e-7 -0.09801405 -0.9951851 -1.90127e-7 -0.2902889 -0.9569391 -1.75223e-7 -0.4713913 -0.8819242 -1.53583e-7 -0.6343931 -0.7730106 -1.26043e-7 -0.7730076 -0.6343967 0 -0.881924 -0.4713916 0 -0.9569406 -0.2902838 0 -0.995185 -0.09801465 0 -0.9951851 0.09801405 0 -0.9569406 0.2902838 0 -0.881924 0.4713916 1.26044e-7 -0.7730052 0.6343997 1.53583e-7 -0.6343967 0.7730076 1.75223e-7 -0.4713913 0.8819242 1.90127e-7 -0.2902889 0.9569391 1.97725e-7 -0.09801405 0.9951851 1.97726e-7 0.09801286 0.9951852 1.90127e-7 0.2902889 0.9569391 1.75223e-7 0.4713913 0.8819242 1.53583e-7 0.6343967 0.7730076 1.26042e-7 0.7730111 0.6343924 0 0.8819189 0.471401 1 0 0 0 0.9569405 0.2902838 0 0.9951851 0.09801405 -1 0 0 0 0 1 0 -1 0 -1 0 0 0 0 -1 1 0 0 0 1 0 0.0921027 0.9951851 0.0335226 0.2727892 0.9569369 0.09928715 0.4429564 0.8819279 0.1612229 0.5961353 0.7730099 0.2169755 0.7264004 0.6343827 0.264388 0.8287311 0.4714044 0.3016334 0.8992306 0.290282 0.327293 0.9351677 0.09801745 0.3403731 0.9351677 -0.09801751 0.3403731 0.8992306 -0.290282 0.3272932 0.8287345 -0.4713976 0.3016346 0.7264004 -0.6343827 0.2643882 0.5961275 -0.7730167 0.2169727 0.4429653 -0.8819229 0.1612262 0.2727787 -0.9569402 0.09928333 0.09211421 -0.9951838 0.03352683 -0.09211421 -0.9951838 -0.03352677 -0.2727804 -0.9569396 -0.09928393 -0.4429636 -0.8819238 -0.1612255 -0.5961285 -0.7730159 -0.216973 -0.7263994 -0.634384 -0.2643877 -0.8287336 -0.4713994 -0.3016344 -0.8992311 -0.2902799 -0.3272934 -0.9351679 -0.0980153 -0.3403734 -0.9351679 0.0980153 -0.3403733 -0.8992311 0.29028 -0.3272933 -0.8287311 0.4714045 -0.3016334 -0.7263994 0.634384 -0.2643876 -0.5961363 0.773009 -0.2169758 -0.4429547 0.8819289 -0.1612223 -0.3420179 0 0.9396935 -0.2727909 0.9569364 -0.09928768 -0.09210288 0.995185 -0.03352272 0.342021 3.72529e-7 -0.9396923 0.09210407 0.9951849 -0.03352314 0.2727875 0.9569374 -0.09928649 0.442953 0.8819298 -0.1612216 0.5961394 0.7730064 -0.216977 0.7263954 0.6343892 -0.2643863 0.8287302 0.4714061 -0.3016331 0.89923 0.2902839 -0.3272929 0.935168 0.0980153 -0.3403733 0.935168 -0.0980153 -0.3403732 0.89923 -0.2902839 -0.3272929 0.8287318 -0.4714027 -0.3016337 0.7263954 -0.6343892 -0.2643862 0.5961336 -0.7730115 -0.2169748 0.4429619 -0.8819248 -0.1612249 0.272777 -0.9569408 -0.09928268 0.0921154 -0.9951837 -0.03352725 -0.09211462 -0.9951838 0.03352695 -0.2727776 -0.9569406 0.09928292 -0.4429644 -0.8819233 0.1612258 -0.5961306 -0.7730141 0.2169737 -0.7263964 -0.6343879 0.2643866 -0.8287353 -0.471396 0.3016349 -0.8992283 -0.2902899 0.3272923 -0.935168 -0.0980153 0.3403733 -0.935168 0.0980153 0.3403733 -0.8992277 0.2902919 0.3272921 -0.8287327 0.471401 0.301634 -0.7263964 0.6343879 0.2643866 -0.5961374 0.7730081 0.2169762 -0.4429555 0.8819283 0.1612226 0.3420218 0 0.9396921 -0.2727881 0.9569372 0.09928667 -0.0921033 0.995185 0.03352284 -0.34202 0 -0.9396926 0.0921154 0.9951837 -0.03352725 0.272777 0.9569408 -0.09928268 0.4429619 0.8819248 -0.1612249 0.5961326 0.7730123 -0.2169744 0.7263954 0.6343892 -0.2643863 0.8287327 0.471401 -0.301634 0.89923 0.2902839 -0.3272929 0.935168 0.0980153 -0.3403733 0.935168 -0.0980153 -0.3403732 0.89923 -0.2902839 -0.3272929 0.8287318 -0.4714027 -0.3016337 0.7263908 -0.6343952 -0.2643846 0.5961403 -0.7730055 -0.2169772 0.4429619 -0.8819248 -0.1612249 0.272777 -0.9569408 -0.09928268 0.09210407 -0.9951849 -0.03352314 -0.0921033 -0.995185 0.03352284 -0.2727776 -0.9569406 0.09928292 -0.4429644 -0.8819233 0.1612258 -0.5961374 -0.7730081 0.2169762 -0.7263918 -0.6343939 0.2643849 -0.8287353 -0.471396 0.3016349 -0.8992283 -0.2902899 0.3272923 -0.935168 -0.0980153 0.3403733 -0.935168 0.0980153 0.3403733 -0.8992277 0.2902919 0.3272921 -0.8287353 0.471396 0.3016349 -0.7263964 0.6343879 0.2643866 -0.5961306 0.7730141 0.2169737 -0.4429644 0.8819233 0.1612258 0.3420206 -4.88944e-7 0.9396924 -0.2727776 0.9569406 0.09928286 -0.09211462 0.9951838 0.03352695 -0.34202 0 -0.9396927 0.09211403 0.9951839 0.03352677 0.2727788 0.9569402 0.09928333 0.4429653 0.8819229 0.1612262 0.5961285 0.7730159 0.2169731 0.7264004 0.6343827 0.264388 0.8287336 0.4713994 0.3016343 0.8992306 0.290282 0.327293 0.9351677 0.09801745 0.3403731 0.9351677 -0.09801751 0.3403731 0.8992306 -0.290282 0.3272932 0.8287345 -0.4713976 0.3016346 0.7263957 -0.6343888 0.2643865 0.5961344 -0.7730108 0.2169752 0.4429653 -0.8819229 0.1612262 0.2727787 -0.9569402 0.09928333 0.09210288 -0.995185 0.03352272 -0.09210288 -0.995185 -0.03352266 -0.2727804 -0.9569396 -0.09928393 -0.4429636 -0.8819238 -0.1612255 -0.5961354 -0.7730099 -0.2169754 -0.7263948 -0.6343901 -0.2643861 -0.8287336 -0.4713994 -0.3016344 -0.8992311 -0.2902799 -0.3272934 -0.9351679 -0.0980153 -0.3403734 -0.9351679 0.0980153 -0.3403733 -0.8992311 0.29028 -0.3272933 -0.8287336 0.4713994 -0.3016344 -0.7263994 0.634384 -0.2643876 -0.5961295 0.773015 -0.2169734 -0.4429636 0.8819239 -0.1612256 -0.3420201 -9.66247e-7 0.9396927 -0.2727804 0.9569396 -0.09928387 -0.09211421 0.9951838 -0.03352683 0.34202 1.5134e-7 -0.9396927 0 0.995185 -0.09801465 0 0.9569373 -0.290295 0 0.8819277 -0.4713847 -1.26043e-7 0.7730101 -0.6343938 -1.53584e-7 0.6343871 -0.7730155 -1.75222e-7 0.4714014 -0.8819188 -1.90127e-7 0.2902855 -0.9569401 -1.97725e-7 0.09802007 -0.9951844 -1.97725e-7 -0.09802007 -0.9951844 -1.90127e-7 -0.2902855 -0.9569401 -1.75222e-7 -0.4714014 -0.8819187 -1.53584e-7 -0.6343872 -0.7730155 -1.26043e-7 -0.7730101 -0.6343938 0 -0.8819277 -0.4713847 0 -0.9569373 -0.290295 0 -0.995185 -0.09801465 0 -0.9951851 0.09801405 0 -0.9569373 0.290295 0 -0.881929 0.4713822 1.26044e-7 -0.7730052 0.6343997 1.53584e-7 -0.6343872 0.7730155 1.75221e-7 -0.4714062 0.8819162 1.90127e-7 -0.2902855 0.9569401 1.97725e-7 -0.09801405 0.9951851 1.97725e-7 0.09801405 0.9951851 1.90127e-7 0.2902855 0.9569401 1.75221e-7 0.4714061 0.8819162 1.53584e-7 0.6343871 0.7730155 1.26044e-7 0.7730052 0.6343997 0 0.881929 0.4713822 1 0 0 0 0.9569373 0.290295 0 0.9951851 0.09801405 -1 0 0 0 0.995185 -0.09801465 0 0.9569373 -0.290295 0 0.881929 -0.4713822 -1.26043e-7 0.7730076 -0.6343967 -1.53584e-7 0.6343871 -0.7730155 -1.75222e-7 0.4714014 -0.8819188 -1.90127e-7 0.2902855 -0.9569401 -1.97725e-7 0.09801405 -0.9951851 -1.97725e-7 -0.09801405 -0.9951851 -1.90127e-7 -0.2902855 -0.9569401 -1.75222e-7 -0.4714014 -0.8819187 -1.53584e-7 -0.6343872 -0.7730155 -1.26043e-7 -0.7730076 -0.6343967 0 -0.881929 -0.4713822 0 -0.9569373 -0.290295 0 -0.995185 -0.09801465 0 -0.9951851 0.09801405 0 -0.9569373 0.290295 0 -0.8819277 0.4713847 1.26043e-7 -0.7730076 0.6343967 1.53584e-7 -0.6343908 0.7730125 1.75222e-7 -0.4714014 0.8819187 1.90127e-7 -0.2902855 0.9569401 1.97725e-7 -0.09801405 0.9951851 1.97725e-7 0.09801405 0.9951851 1.90127e-7 0.2902855 0.9569401 1.75222e-7 0.4714014 0.8819188 1.53584e-7 0.6343908 0.7730125 1.26043e-7 0.7730076 0.6343967 0 0.8819277 0.4713847 1 0 0 0 0.9569373 0.290295 0 0.9951851 0.09801405 -1 0 0 0 0.995185 -0.09801465 0 0.9569405 -0.2902838 0 0.8819227 -0.4713941 -1.26043e-7 0.7730101 -0.6343938 -1.53583e-7 0.6343932 -0.7730107 -1.75223e-7 0.4713913 -0.8819242 -1.90127e-7 0.2902889 -0.9569391 -1.97725e-7 0.09802007 -0.9951844 -1.97725e-7 -0.09801888 -0.9951846 -1.90127e-7 -0.2902889 -0.9569391 -1.75223e-7 -0.4713913 -0.8819242 -1.53583e-7 -0.6343931 -0.7730106 -1.26041e-7 -0.773016 -0.6343865 0 -0.8819176 -0.4714036 0 -0.9569406 -0.2902838 0 -0.995185 -0.09801465 0 -0.9951851 0.09801405 0 -0.9569406 0.2902838 0 -0.8819189 0.471401 1.26042e-7 -0.7730111 0.6343924 1.53583e-7 -0.6343931 0.7730106 1.75222e-7 -0.471396 0.8819216 1.90127e-7 -0.2902889 0.9569391 1.97726e-7 -0.09801286 0.9951852 1.97725e-7 0.09801405 0.9951851 1.90127e-7 0.2902889 0.9569391 1.75222e-7 0.471396 0.8819216 1.53583e-7 0.6343932 0.7730107 1.26044e-7 0.7730052 0.6343997 0 0.881924 0.4713916 1 0 0 0 0.9569405 0.2902838 0 0.9951851 0.09801405 -1 0 0 0 0.995185 -0.09801465 0 0.9569405 -0.2902838 0 0.8819189 -0.471401 -1.26042e-7 0.7730136 -0.6343895 -1.53583e-7 0.6343932 -0.7730107 -1.75223e-7 0.4713913 -0.8819242 -1.90127e-7 0.2902889 -0.9569391 -1.97726e-7 0.09801286 -0.9951852 -1.97725e-7 -0.09801405 -0.9951851 -1.90127e-7 -0.2902889 -0.9569391 -1.75223e-7 -0.4713913 -0.8819242 -1.53583e-7 -0.6343932 -0.7730107 -1.26043e-7 -0.7730076 -0.6343967 0 -0.881924 -0.4713916 0 -0.9569405 -0.2902838 0 -0.995185 -0.09801465 0 -0.9951851 0.09801405 0 -0.9569405 0.2902838 0 -0.881924 0.4713916 1.26044e-7 -0.7730052 0.6343997 1.53583e-7 -0.6343967 0.7730076 1.75223e-7 -0.4713913 0.8819242 1.90127e-7 -0.2902889 0.9569391 1.97725e-7 -0.09801405 0.9951851 1.97726e-7 0.09801286 0.9951852 1.90127e-7 0.2902889 0.9569391 1.75223e-7 0.4713913 0.8819242 1.53583e-7 0.6343967 0.7730076 1.26042e-7 0.7730111 0.6343924 0 0.8819189 0.471401 1 0 0 1 0 0 1 0 0 1 0 0 1 0 0 1 9.0479e-6 2.98264e-5 1 -9.04806e-6 2.9827e-5 1 0 0 1 0 0 1 0 0 1 0 0 1 0 0 1 0 0 1 0 0 1 0 0 1 0 0 1 0 0 1 0 0 1 0 0 1 0 0 1 0 -1.56607e-5 1 0 0 1 0 0 1 0 0 1 0 0 1 0 0 1 0 0 1 0 0 1 0 0 0 0.9569405 0.2902838 0 0.9951851 0.09801405 -1 0 0 -1 0 0 -1 0 0 -1 0 0 -1 0 0 -1 0 0 -1 0 0 -1 0 0 -1 0 0 -1 0 0 -1 0 0 -1 0 0 -1 0 0 -1 0 0 -1 0 0 -1 0 0 -1 0 0 -1 0 6.20424e-5 -1 0 0 -1 0 0 -1 0 0 -1 0 0 -1 0 0 -1 0 0 -1 0 0 -1 0 0 -1 0 0 -1 0 0 -1 0 0 0 0 1 0 -1 0 -1 0 0 0 0 -1 1 0 0 0 1 0 0.0921033 0.995185 0.03352284 0.2727878 0.9569373 0.09928667 0.4429561 0.881928 0.1612228 0.5961375 0.7730081 0.2169763 0.7263957 0.6343888 0.2643865 0.8287324 0.4714018 0.3016338 0.8992289 0.2902879 0.3272925 0.9351677 0.09801769 0.3403731 0.9351677 -0.09801769 0.3403731 0.8992289 -0.2902879 0.3272925 0.8287349 -0.4713968 0.3016348 0.7263957 -0.6343887 0.2643864 0.5961306 -0.773014 0.2169739 0.442965 -0.881923 0.161226 0.2727774 -0.9569407 0.09928286 0.09211462 -0.9951838 0.03352695 -0.09211504 -0.9951838 -0.03352713 -0.2727766 -0.9569408 -0.0992825 -0.442965 -0.881923 -0.1612261 -0.5961319 -0.7730128 -0.2169742 -0.7263957 -0.6343888 -0.2643863 -0.8287338 -0.471399 -0.3016344 -0.8992296 -0.2902853 -0.3272928 -0.9351677 -0.09801775 -0.3403733 -0.9351676 0.09801769 -0.3403733 -0.8992295 0.2902852 -0.3272929 -0.8287312 0.471404 -0.3016335 -0.7263957 0.6343888 -0.2643864 -0.5961388 0.7730069 -0.2169767 -0.4429561 0.881928 -0.1612228 -0.3420189 2.60072e-5 0.9396932 -0.3420128 -4.35721e-5 0.9396954 -0.3419927 -3.73604e-5 0.9397026 -0.3419966 -3.13264e-5 0.9397011 -0.3420338 1.68733e-5 0.9396877 -0.3420274 0 0.9396899 -0.3420274 0 0.9396899 -0.3420337 -1.69063e-5 0.9396876 -0.3419966 3.12609e-5 0.9397011 -0.3419929 3.73643e-5 0.9397026 -0.3420223 1.02239e-5 0.9396918 -0.3420191 -2.45104e-5 0.939693 -0.3420188 -2.60103e-5 0.9396931 -0.3419952 -3.26091e-5 0.9397017 -0.3419953 -3.24404e-5 0.9397017 -0.3420314 1.43335e-5 0.9396885 -0.3420225 -4.70074e-7 0.9396918 -0.3420225 4.70074e-7 0.9396918 -0.3420313 -1.43672e-5 0.9396885 -0.3419953 3.24404e-5 0.9397017 -0.3419951 3.26057e-5 0.9397017 -0.3420223 7.3432e-6 0.9396919 -0.3420209 -1.33385e-6 0.9396923 -0.3420156 2.47341e-6 0.9396943 -0.3420201 -9.77838e-7 0.9396926 -0.3420162 1.80682e-6 0.9396941 -0.3420223 0 0.9396919 -0.3420179 0 0.9396935 -0.3420223 0 0.9396919 -0.2727871 0.9569376 -0.09928637 -0.09210377 0.995185 -0.03352302 0.3420193 0 -0.939693 0.3420192 -8.25749e-6 -0.9396929 0.3420203 3.07401e-6 -0.9396925 0.3419955 -2.88211e-5 -0.9397015 0.3419404 -3.61734e-5 -0.9397217 0.3420025 4.22651e-6 -0.939699 0.3420414 -8.29068e-6 -0.9396849 0.3419405 3.61741e-5 -0.9397217 0.3419956 2.882e-5 -0.9397016 0.3420143 9.04423e-6 -0.9396948 0.3420219 -1.00234e-6 -0.939692 0.3420193 0 -0.9396929 0.3420331 3.28041e-5 -0.939688 0.3419569 -7.00618e-5 -0.9397156 0.3419647 -2.2369e-5 -0.9397128 0.3420226 -1.50561e-6 -0.9396917 0.3420088 2.95332e-6 -0.9396967 0.3419647 2.23686e-5 -0.9397128 0.3419568 7.00646e-5 -0.9397156 0.3420094 1.38932e-5 -0.9396965 0.3420256 -6.94982e-6 -0.9396906 0.342019 -3.89422e-6 -0.939693 0.3420202 -1.08228e-6 -0.9396927 0.3420193 -9.87329e-7 -0.939693 0.3420202 0 -0.9396926 0.3420277 5.39517e-6 -0.9396899 0.3420211 3.02131e-7 -0.9396923 0.3420193 -8.26551e-7 -0.9396929 0.3420211 3.78664e-7 -0.9396923 0.0921033 0.995185 -0.03352284 0.2727889 0.9569369 -0.09928703 0.4429544 0.8819289 -0.1612222 0.5961388 0.7730069 -0.2169767 0.726395 0.6343897 -0.2643861 0.8287318 0.4714028 -0.3016337 0.8992302 0.2902834 -0.327293 0.9351677 0.09801769 -0.3403731 0.9351677 -0.09801769 -0.3403732 0.8992302 -0.2902834 -0.327293 0.8287345 -0.4713978 -0.3016346 0.726395 -0.6343897 -0.2643862 0.5961319 -0.7730128 -0.2169742 0.4429634 -0.8819239 -0.1612254 0.2727785 -0.9569403 -0.09928321 0.09211462 -0.9951838 -0.03352695 -0.09211432 -0.9951838 0.03352683 -0.2727786 -0.9569402 0.09928327 -0.4429634 -0.8819239 0.1612254 -0.5961319 -0.7730128 0.2169742 -0.726395 -0.6343897 0.2643861 -0.8287352 -0.4713961 0.3016349 -0.8992289 -0.2902879 0.3272925 -0.935168 -0.09801489 0.3403733 -0.935168 0.09801489 0.3403733 -0.8992289 0.2902879 0.3272925 -0.8287327 0.4714012 0.301634 -0.726395 0.6343897 0.2643861 -0.5961388 0.7730069 0.2169768 -0.4429544 0.8819289 0.1612222 0.3420242 3.23148e-5 0.9396911 0.3420196 7.18104e-6 0.9396928 0.3420277 -7.95718e-6 0.9396899 0.3420352 -1.9923e-5 0.9396871 0.3420201 -3.00709e-7 0.9396927 0.3420177 2.01977e-6 0.9396935 0.3420177 -2.01977e-6 0.9396935 0.3420201 3.00701e-7 0.9396926 0.3420352 1.9923e-5 0.9396871 0.3420278 7.958e-6 0.9396899 0.3420196 -7.18191e-6 0.9396929 0.3420212 1.04857e-6 0.9396923 0.3420196 -1.59706e-5 0.9396928 0.3420278 -7.958e-6 0.9396899 0.3420352 -1.9923e-5 0.9396871 0.3420112 1.12596e-5 0.9396959 0.3420001 2.82051e-6 0.9397 0.3420001 -2.82051e-6 0.9397 0.3420112 -1.12599e-5 0.9396958 0.3420352 1.9923e-5 0.9396871 0.3420277 7.95718e-6 0.9396899 0.3420195 7.39316e-6 0.9396929 0.3420222 1.05854e-6 0.9396919 0.342018 -1.95592e-6 0.9396933 0.3420191 -1.19619e-6 0.939693 0.3420239 2.21904e-6 0.9396913 0.3420196 0 0.9396929 0.3420198 0 0.9396928 0.3420196 0 0.9396929 -0.2727891 0.9569369 0.09928709 -0.09210306 0.995185 0.03352272 -0.3420195 -1.8634e-5 -0.9396929 -0.3420195 2.62145e-7 -0.9396929 -0.3420189 7.4846e-6 -0.939693 -0.3420412 -2.38253e-5 -0.9396849 -0.3420505 -1.34648e-5 -0.9396816 -0.3420255 1.19028e-6 -0.9396906 -0.3420147 -2.33478e-6 -0.9396946 -0.3420506 1.3465e-5 -0.9396816 -0.3420411 2.38244e-5 -0.939685 -0.342027 8.65083e-6 -0.9396902 -0.3420192 -1.47009e-6 -0.939693 -0.3420196 1.86317e-5 -0.9396929 -0.3420127 2.41656e-5 -0.9396953 -0.3420335 -1.70794e-5 -0.9396878 -0.3420183 7.27892e-7 -0.9396933 -0.3420256 1.19028e-6 -0.9396907 -0.3420147 -2.33477e-6 -0.9396946 -0.3420183 -7.27879e-7 -0.9396933 -0.3420335 1.70801e-5 -0.9396877 -0.3420333 1.67769e-5 -0.9396879 -0.3420192 -1.47013e-6 -0.939693 -0.3420206 -1.8594e-6 -0.9396924 -0.3420199 0 -0.9396927 -0.3420195 6.69406e-6 -0.9396929 -0.3420216 -4.38545e-6 -0.9396921 -0.3420199 0 -0.9396927 -0.3420199 0 -0.9396927 -0.34202 0 -0.9396927 -0.3420199 0 -0.9396927 0.09211462 0.9951838 -0.03352695 0.2727785 0.9569404 -0.09928321 0.4429634 0.8819239 -0.1612254 0.5961319 0.7730128 -0.2169742 0.726395 0.6343897 -0.2643861 0.8287344 0.4713977 -0.3016346 0.8992302 0.2902834 -0.327293 0.9351677 0.09801769 -0.3403731 0.9351677 -0.09801769 -0.3403732 0.8992302 -0.2902834 -0.327293 0.8287345 -0.4713978 -0.3016346 0.7263904 -0.6343956 -0.2643845 0.5961388 -0.7730069 -0.2169768 0.4429634 -0.8819239 -0.1612254 0.2727785 -0.9569403 -0.09928321 0.0921033 -0.995185 -0.03352284 -0.09210306 -0.995185 0.03352272 -0.2727786 -0.9569402 0.09928327 -0.4429634 -0.8819239 0.1612254 -0.5961388 -0.7730069 0.2169767 -0.7263904 -0.6343957 0.2643845 -0.8287352 -0.4713961 0.3016349 -0.8992289 -0.2902879 0.3272925 -0.935168 -0.09801489 0.3403733 -0.935168 0.09801489 0.3403733 -0.8992289 0.2902879 0.3272925 -0.8287352 0.4713961 0.3016349 -0.726395 0.6343897 0.2643861 -0.5961319 0.7730128 0.2169742 -0.4429634 0.8819239 0.1612254 0.3420242 3.23187e-5 0.9396912 0.3420196 7.33998e-6 0.9396929 0.3420196 7.3505e-6 0.9396928 0.3420278 -7.958e-6 0.9396899 0.3420352 -1.9923e-5 0.9396871 0.3420201 -3.00701e-7 0.9396926 0.3420177 2.01977e-6 0.9396935 0.3420177 -2.01977e-6 0.9396935 0.341999 -1.17427e-5 0.9397004 0.3420278 7.95757e-6 0.9396898 0.3420196 -7.18148e-6 0.9396929 0.3420243 -3.23168e-5 0.9396912 0.3420278 -7.95757e-6 0.9396898 0.3419777 3.03274e-5 0.9397081 0.3420001 2.82051e-6 0.9397 0.3420001 -2.82051e-6 0.9397 0.3420112 -1.12596e-5 0.9396958 0.3420352 1.9923e-5 0.9396871 0.3420278 7.958e-6 0.9396899 0.3420272 0 0.9396901 0.3420155 0 0.9396944 0.3420239 1.76581e-6 0.9396913 0.3420208 -7.97463e-7 0.9396924 0.3420172 4.77138e-6 0.9396936 0.3420246 -3.09723e-6 0.939691 0.3420134 0 0.9396951 0.3420196 0 0.9396929 0.3420198 0 0.9396927 0.3420218 0 0.9396921 -0.2727786 0.9569402 0.09928327 -0.09211438 0.9951838 0.03352683 -0.3420196 -1.86317e-5 -0.9396929 -0.3420195 2.62156e-7 -0.9396929 -0.3420189 7.48429e-6 -0.939693 -0.3420411 -2.38244e-5 -0.939685 -0.3420506 -1.3465e-5 -0.9396816 -0.3420255 1.19028e-6 -0.9396906 -0.3420147 -2.33478e-6 -0.9396946 -0.3420506 1.3465e-5 -0.9396816 -0.3420276 1.1861e-5 -0.9396899 -0.3420192 -4.7186e-6 -0.939693 -0.3420156 -1.39754e-5 -0.9396943 -0.3420188 1.0625e-5 -0.9396931 -0.342021 2.94925e-6 -0.9396923 -0.3420127 2.41656e-5 -0.9396953 -0.3420335 -1.70809e-5 -0.9396879 -0.3420183 7.27892e-7 -0.9396933 -0.342037 0 -0.9396865 -0.3420206 0 -0.9396925 -0.3420194 -1.25293e-7 -0.9396929 -0.3420335 1.70794e-5 -0.9396878 -0.3420333 1.67777e-5 -0.9396879 -0.3420192 -1.47009e-6 -0.939693 -0.3420206 -1.85942e-6 -0.9396925 -0.3420199 0 -0.9396927 -0.3420216 -4.38545e-6 -0.9396921 -0.3420199 0 -0.9396927 -0.3420199 0 -0.9396927 -0.34202 0 -0.9396927 -0.3420199 0 -0.9396927 0.09211462 0.9951838 0.03352695 0.2727773 0.9569407 0.09928286 0.442965 0.881923 0.161226 0.5961306 0.773014 0.2169738 0.7263957 0.6343888 0.2643865 0.8287349 0.4713968 0.3016348 0.8992289 0.2902879 0.3272925 0.9351677 0.09801769 0.3403731 0.9351677 -0.09801769 0.3403731 0.8992289 -0.2902879 0.3272925 0.8287349 -0.4713968 0.3016348 0.7263912 -0.6343947 0.2643847 0.5961374 -0.773008 0.2169763 0.442965 -0.881923 0.161226 0.2727774 -0.9569407 0.09928286 0.0921033 -0.995185 0.03352284 -0.09210377 -0.995185 -0.03352302 -0.2727766 -0.9569408 -0.0992825 -0.442965 -0.881923 -0.1612261 -0.5961388 -0.7730069 -0.2169768 -0.7263911 -0.6343947 -0.2643846 -0.8287338 -0.471399 -0.3016344 -0.8992296 -0.2902853 -0.3272928 -0.9351677 -0.09801775 -0.3403733 -0.9351676 0.09801769 -0.3403733 -0.8992295 0.2902852 -0.3272929 -0.8287338 0.471399 -0.3016344 -0.7263957 0.6343888 -0.2643864 -0.596132 0.7730128 -0.2169742 -0.442965 0.881923 -0.161226 -0.3420223 1.37655e-5 0.9396918 -0.3420212 1.04857e-6 0.9396923 -0.3420128 -4.35774e-5 0.9396953 -0.3419929 -3.73643e-5 0.9397026 -0.3419966 -3.13264e-5 0.9397011 -0.3420338 1.68729e-5 0.9396876 -0.3420273 0 0.93969 -0.3420271 0 0.9396901 -0.3420274 0 0.9396899 -0.3420854 -4.62923e-5 0.9396688 -0.3419929 3.73623e-5 0.9397026 -0.3420128 4.35748e-5 0.9396953 -0.3420189 -2.60088e-5 0.9396931 -0.3419951 -3.26073e-5 0.9397017 -0.3420815 4.28951e-5 0.9396703 -0.3420225 -4.70074e-7 0.9396918 -0.3420254 1.58725e-7 0.9396907 -0.342024 0 0.9396913 -0.3420313 -1.43669e-5 0.9396885 -0.3419953 3.24404e-5 0.9397017 -0.3419952 3.26091e-5 0.9397017 -0.3420203 0 0.9396925 -0.3420156 1.00633e-6 0.9396943 -0.3420208 7.97463e-7 0.9396924 -0.3420251 7.68331e-6 0.9396908 -0.3420112 -7.1436e-6 0.9396959 -0.3420223 0 0.9396919 -0.3420179 0 0.9396935 -0.3420179 0 0.9396935 -0.2727766 0.956941 -0.09928256 -0.0921151 0.9951838 -0.03352713 0.3420193 0 -0.9396929 0.3420193 -8.25784e-6 -0.9396929 0.3420203 3.07388e-6 -0.9396926 0.3419956 -2.882e-5 -0.9397016 0.3419405 -3.61741e-5 -0.9397217 0.3420025 4.22651e-6 -0.939699 0.3420414 -8.29068e-6 -0.9396849 0.3419405 3.61741e-5 -0.9397217 0.3419955 2.88225e-5 -0.9397016 0.3420143 9.04423e-6 -0.9396948 0.3420219 -1.00234e-6 -0.939692 0.3420194 -1.73741e-6 -0.9396929 0.342019 -3.34246e-6 -0.939693 0.3420331 3.28041e-5 -0.939688 0.3419568 -7.0068e-5 -0.9397156 0.3419647 -2.2369e-5 -0.9397128 0.3420226 -1.50561e-6 -0.9396917 0.3420088 2.95333e-6 -0.9396967 0.3419647 2.2369e-5 -0.9397128 0.3419569 7.00618e-5 -0.9397156 0.3420095 1.38938e-5 -0.9396965 0.3420256 -6.94965e-6 -0.9396906 0.342019 -3.89426e-6 -0.939693 0.3420201 -1.08227e-6 -0.9396926 0.342019 -3.89426e-6 -0.939693 0.3420215 2.69618e-6 -0.9396921 0.3420209 3.25963e-7 -0.9396923 0.3420211 3.78664e-7 -0.9396923 0.3420222 -1.41931e-6 -0.9396919 0 0.995185 -0.09801465 0 0.9569373 -0.290295 0 0.8819277 -0.4713847 -1.26043e-7 0.7730101 -0.6343938 -1.53584e-7 0.6343871 -0.7730155 -1.75222e-7 0.4714014 -0.8819187 -1.90127e-7 0.2902855 -0.9569401 -1.97725e-7 0.09802007 -0.9951844 -1.97725e-7 -0.09802007 -0.9951844 -1.90127e-7 -0.2902855 -0.9569401 -1.75222e-7 -0.4714014 -0.8819187 -1.53584e-7 -0.6343871 -0.7730155 -1.26043e-7 -0.7730101 -0.6343938 0 -0.8819277 -0.4713847 0 -0.9569373 -0.290295 0 -0.995185 -0.09801465 0 -0.9951851 0.09801405 0 -0.9569373 0.290295 0 -0.881929 0.4713822 1.26044e-7 -0.7730052 0.6343997 1.53584e-7 -0.6343871 0.7730155 1.75221e-7 -0.4714061 0.8819162 1.90127e-7 -0.2902855 0.9569401 1.97725e-7 -0.09801405 0.9951851 1.97725e-7 0.09801405 0.9951851 1.90127e-7 0.2902855 0.9569401 1.75221e-7 0.4714061 0.8819162 1.53584e-7 0.6343871 0.7730155 1.26044e-7 0.7730052 0.6343997 0 0.881929 0.4713822 1 0 0 1 0 0 1 0 0 1 0 0 1 0 0 1 9.04812e-6 2.98275e-5 1 -9.04812e-6 2.98275e-5 1 0 0 1 0 0 1 0 0 1 0 0 1 0 0 1 0 0 1 0 0 1 0 0 1 0 0 1 0 0 1 0 0 1 0 0 1 0 0 1 0 0 1 0 0 1 2.10449e-6 -5.08067e-6 1 -3.88856e-6 3.88855e-6 1 0 0 1 0 0 1 0 0 1 0 0 1 0 0 0 0.9569373 0.290295 0 0.9951851 0.09801405 -1 0 0 -1 0 0 -1 0 0 -1 0 0 -1 0 0 -1 0 0 -1 0 0 -1 0 0 -1 0 0 -1 0 0 -1 0 0 -1 0 0 -1 0 0 -1 0 0 -1 0 0 -1 4.08691e-6 2.05461e-5 -1 -8.01653e-6 -1.93533e-5 -1 0 0 -1 0 0 -1 0 0 -1 0 0 -1 0 0 -1 0 0 -1 0 0 -1 0 0 -1 0 0 -1 0 0 -1 0 0 -1 0 0 0 0.995185 -0.09801465 0 0.9569373 -0.290295 0 0.881929 -0.4713822 -1.26043e-7 0.7730076 -0.6343967 -1.53584e-7 0.6343871 -0.7730155 -1.75222e-7 0.4714014 -0.8819187 -1.90127e-7 0.2902855 -0.9569401 -1.97725e-7 0.09801405 -0.9951851 -1.97725e-7 -0.09801405 -0.9951851 -1.90127e-7 -0.2902855 -0.9569401 -1.75222e-7 -0.4714014 -0.8819187 -1.53584e-7 -0.6343871 -0.7730155 -1.26043e-7 -0.7730076 -0.6343967 0 -0.881929 -0.4713822 0 -0.9569373 -0.290295 0 -0.995185 -0.09801465 0 -0.9951851 0.09801405 0 -0.9569373 0.290295 0 -0.8819277 0.4713847 1.26043e-7 -0.7730076 0.6343967 1.53584e-7 -0.6343908 0.7730125 1.75222e-7 -0.4714014 0.8819187 1.90127e-7 -0.2902855 0.9569401 1.97725e-7 -0.09801405 0.9951851 1.97725e-7 0.09801405 0.9951851 1.90127e-7 0.2902855 0.9569401 1.75222e-7 0.4714014 0.8819187 1.53584e-7 0.6343908 0.7730125 1.26043e-7 0.7730076 0.6343967 0 0.8819277 0.4713847 1 0 0 1 0 0 1 0 0 1 0 0 1 0 0 1 9.04812e-6 2.98275e-5 1 -9.04812e-6 2.98275e-5 1 0 0 1 0 0 1 0 0 1 0 0 1 0 0 1 0 0 1 0 0 1 0 0 1 0 0 1 0 0 1 0 0 1 0 0 1 0 0 1 0 0 1 2.10449e-6 -5.08067e-6 1 -3.88856e-6 3.88855e-6 1 0 0 1 0 0 1 0 0 1 0 0 1 0 0 1 0 0 0 0.9569373 0.290295 0 0.9951851 0.09801405 -1 0 0 -1 0 0 -1 0 0 -1 0 0 -1 0 0 -1 0 0 -1 0 0 -1 0 0 -1 0 0 -1 0 0 -1 0 0 -1 0 0 -1 0 0 -1 0 0 -1 0 0 -1 0 0 -1 4.0869e-6 2.05462e-5 -1 -8.01655e-6 -1.93535e-5 -1 0 0 -1 0 0 -1 0 0 -1 0 0 -1 0 0 -1 0 0 -1 0 0 -1 0 0 -1 0 0 -1 0 0 -1 0 0 0 0.995185 -0.09801465 0 0.9569405 -0.2902838 0 0.8819227 -0.4713941 -1.26043e-7 0.7730101 -0.6343938 -1.53583e-7 0.6343932 -0.7730107 -1.75223e-7 0.4713913 -0.8819242 -1.90127e-7 0.2902889 -0.9569391 -1.97725e-7 0.09802007 -0.9951844 -1.97725e-7 -0.09801888 -0.9951846 -1.90127e-7 -0.2902889 -0.9569391 -1.75223e-7 -0.4713913 -0.8819242 -1.53583e-7 -0.6343932 -0.7730107 -1.26041e-7 -0.773016 -0.6343865 0 -0.8819176 -0.4714036 0 -0.9569405 -0.2902838 0 -0.995185 -0.09801465 0 -0.9951851 0.09801405 0 -0.9569405 0.2902838 0 -0.8819189 0.471401 1.26042e-7 -0.7730111 0.6343924 1.53583e-7 -0.6343932 0.7730107 1.75222e-7 -0.471396 0.8819216 1.90127e-7 -0.2902889 0.9569391 1.97726e-7 -0.09801286 0.9951852 1.97725e-7 0.09801405 0.9951851 1.90127e-7 0.2902889 0.9569391 1.75222e-7 0.471396 0.8819216 1.53583e-7 0.6343932 0.7730107 1.26044e-7 0.7730052 0.6343997 0 0.881924 0.4713916 1 0 0 1 0 0 1 0 0 1 0 0 1 0 0 1 9.04806e-6 2.9827e-5 1 -9.0479e-6 2.98264e-5 1 0 0 1 0 0 1 0 0 1 0 0 1 0 0 1 0 0 1 0 0 1 0 0 1 0 0 1 0 0 1 0 0 1 0 0 1 0 0 1 0 0 1 0 0 1 0 -1.56607e-5 1 0 0 1 0 0 1 0 0 1 0 0 1 0 0 1 0 0 0 0.9569405 0.2902838 0 0.9951851 0.09801405 -1 0 0 -1 0 0 -1 0 0 -1 0 0 -1 0 0 -1 0 0 -1 0 0 -1 0 0 -1 0 0 -1 0 0 -1 0 0 -1 0 0 -1 0 0 -1 0 0 -1 0 0 -1 0 0 -1 0 0 -1 4.08686e-6 2.0546e-5 -1 -8.01654e-6 -1.93535e-5 -1 0 0 -1 0 0 -1 0 0 -1 0 0 -1 0 0 -1 0 0 -1 0 0 -1 0 0 -1 0 0 -1 0 0 -1 0 0 0 1 0 1 0 0 0 -1 0 0 0 -1 0 0 1 0 -1 0 -1 0 0 0 1 0 1 0 0 0 0 -1 0 0 1 -1 0 0 0 1 0 1 0 0 0 -1 0 0 0 -1 0 0 1 0 -1 0 -1 0 0 0 1 0 1 0 0 0 0 -1 0 0 1 -1 0 0 0 1 0 1 0 0 0 -1 0 0 0 -1 0 0 1 0 -1 0 -1 0 0 0 1 0 1 0 0 0 0 -1 0 0 1 -1 0 0 0 1 0 1 0 0 0 -1 0 0 0 -1 0 0 1 0 -1 0 -1 0 0 0 1 0 1 0 0 0 0 -1 0 0 1</float_array>
          <technique_common>
            <accessor source="#Cylinder_011-mesh-normals-array" count="1052" stride="3">
              <param name="X" type="float"/>
              <param name="Y" type="float"/>
              <param name="Z" type="float"/>
            </accessor>
          </technique_common>
        </source>
        <source id="Cylinder_011-mesh-map-0">
          <float_array id="Cylinder_011-mesh-map-0-array" count="6312">1 0.5 0.96875 1 0.96875 0.5 0.96875 0.5 0.9375 1 0.9375 0.5 0.9375 0.5 0.90625 1 0.90625 0.5 0.90625 0.5 0.875 1 0.875 0.5 0.875 0.5 0.84375 1 0.84375 0.5 0.84375 0.5 0.8125 1 0.8125 0.5 0.8125 0.5 0.78125 1 0.78125 0.5 0.78125 0.5 0.75 1 0.75 0.5 0.75 0.5 0.71875 1 0.71875 0.5 0.71875 0.5 0.6875 1 0.6875 0.5 0.6875 0.5 0.65625 1 0.65625 0.5 0.65625 0.5 0.625 1 0.625 0.5 0.625 0.5 0.59375 1 0.59375 0.5 0.59375 0.5 0.5625 1 0.5625 0.5 0.5625 0.5 0.53125 1 0.53125 0.5 0.53125 0.5 0.5 1 0.5 0.5 0.5 0.5 0.46875 1 0.46875 0.5 0.46875 0.5 0.4375 1 0.4375 0.5 0.4375 0.5 0.40625 1 0.40625 0.5 0.40625 0.5 0.375 1 0.375 0.5 0.375 0.5 0.34375 1 0.34375 0.5 0.34375 0.5 0.3125 1 0.3125 0.5 0.3125 0.5 0.28125 1 0.28125 0.5 0.28125 0.5 0.25 1 0.25 0.5 0.25 0.5 0.21875 1 0.21875 0.5 0.21875 0.5 0.1875 1 0.1875 0.5 0.1875 0.5 0.15625 1 0.15625 0.5 0.15625 0.5 0.125 1 0.125 0.5 0.125 0.5 0.09375 1 0.09375 0.5 0.09375 0.5 0.0625 1 0.0625 0.5 0.02826887 0.341844 0.1581559 0.02826887 0.4717311 0.1581559 0.0625 0.5 0.03125 1 0.03125 0.5 0.03125 0.5 0 1 0 0.5 0.7968217 0.01461154 0.5146116 0.2031783 0.7031784 0.4853885 0.625 0.5 0.875 0.75 0.625 0.75 0.375 0.75 0.625 1 0.375 1 0.375 0 0.625 0.25 0.375 0.25 0.125 0.5 0.375 0.75 0.125 0.75 0.375 0.5 0.625 0.75 0.375 0.75 0.375 0.25 0.625 0.5 0.375 0.5 1 0.5 0.96875 1 0.96875 0.5 0.96875 0.5 0.9375 1 0.9375 0.5 0.9375 0.5 0.90625 1 0.90625 0.5 0.90625 0.5 0.875 1 0.875 0.5 0.875 0.5 0.84375 1 0.84375 0.5 0.84375 0.5 0.8125 1 0.8125 0.5 0.8125 0.5 0.78125 1 0.78125 0.5 0.78125 0.5 0.75 1 0.75 0.5 0.75 0.5 0.71875 1 0.71875 0.5 0.71875 0.5 0.6875 1 0.6875 0.5 0.6875 0.5 0.65625 1 0.65625 0.5 0.65625 0.5 0.625 1 0.625 0.5 0.625 0.5 0.59375 1 0.59375 0.5 0.59375 0.5 0.5625 1 0.5625 0.5 0.5625 0.5 0.53125 1 0.53125 0.5 0.53125 0.5 0.5 1 0.5 0.5 0.5 0.5 0.46875 1 0.46875 0.5 0.46875 0.5 0.4375 1 0.4375 0.5 0.4375 0.5 0.40625 1 0.40625 0.5 0.40625 0.5 0.375 1 0.375 0.5 0.375 0.5 0.34375 1 0.34375 0.5 0.34375 0.5 0.3125 1 0.3125 0.5 0.3125 0.5 0.28125 1 0.28125 0.5 0.28125 0.5 0.25 1 0.25 0.5 0.25 0.5 0.21875 1 0.21875 0.5 0.21875 0.5 0.1875 1 0.1875 0.5 0.1875 0.5 0.15625 1 0.15625 0.5 0.15625 0.5 0.125 1 0.125 0.5 0.125 0.5 0.09375 1 0.09375 0.5 0.09375 0.5 0.0625 1 0.0625 0.5 0.341844 0.02826887 0.4717311 0.1581559 0.341844 0.4717311 0.0625 0.5 0.03125 1 0.03125 0.5 0.03125 0.5 0 1 0 0.5 0.7031784 0.4853885 0.9853885 0.2968217 0.7968217 0.01461154 1 0.5 0.96875 1 0.96875 0.5 0.96875 0.5 0.9375 1 0.9375 0.5 0.9375 0.5 0.90625 1 0.90625 0.5 0.90625 0.5 0.875 1 0.875 0.5 0.875 0.5 0.84375 1 0.84375 0.5 0.84375 0.5 0.8125 1 0.8125 0.5 0.8125 0.5 0.78125 1 0.78125 0.5 0.78125 0.5 0.75 1 0.75 0.5 0.75 0.5 0.71875 1 0.71875 0.5 0.71875 0.5 0.6875 1 0.6875 0.5 0.6875 0.5 0.65625 1 0.65625 0.5 0.65625 0.5 0.625 1 0.625 0.5 0.625 0.5 0.59375 1 0.59375 0.5 0.59375 0.5 0.5625 1 0.5625 0.5 0.5625 0.5 0.53125 1 0.53125 0.5 0.53125 0.5 0.5 1 0.5 0.5 0.5 0.5 0.46875 1 0.46875 0.5 0.46875 0.5 0.4375 1 0.4375 0.5 0.4375 0.5 0.40625 1 0.40625 0.5 0.40625 0.5 0.375 1 0.375 0.5 0.375 0.5 0.34375 1 0.34375 0.5 0.34375 0.5 0.3125 1 0.3125 0.5 0.3125 0.5 0.28125 1 0.28125 0.5 0.28125 0.5 0.25 1 0.25 0.5 0.25 0.5 0.21875 1 0.21875 0.5 0.21875 0.5 0.1875 1 0.1875 0.5 0.1875 0.5 0.15625 1 0.15625 0.5 0.15625 0.5 0.125 1 0.125 0.5 0.125 0.5 0.09375 1 0.09375 0.5 0.09375 0.5 0.0625 1 0.0625 0.5 0.341844 0.02826887 0.4717311 0.1581559 0.341844 0.4717311 0.0625 0.5 0.03125 1 0.03125 0.5 0.03125 0.5 0 1 0 0.5 0.5504473 0.3833369 0.7031784 0.4853885 0.7968217 0.01461154 1 0.5 0.96875 1 0.96875 0.5 0.96875 0.5 0.9375 1 0.9375 0.5 0.9375 0.5 0.90625 1 0.90625 0.5 0.90625 0.5 0.875 1 0.875 0.5 0.875 0.5 0.84375 1 0.84375 0.5 0.84375 0.5 0.8125 1 0.8125 0.5 0.8125 0.5 0.78125 1 0.78125 0.5 0.78125 0.5 0.75 1 0.75 0.5 0.75 0.5 0.71875 1 0.71875 0.5 0.71875 0.5 0.6875 1 0.6875 0.5 0.6875 0.5 0.65625 1 0.65625 0.5 0.65625 0.5 0.625 1 0.625 0.5 0.625 0.5 0.59375 1 0.59375 0.5 0.59375 0.5 0.5625 1 0.5625 0.5 0.5625 0.5 0.53125 1 0.53125 0.5 0.53125 0.5 0.5 1 0.5 0.5 0.5 0.5 0.46875 1 0.46875 0.5 0.46875 0.5 0.4375 1 0.4375 0.5 0.4375 0.5 0.40625 1 0.40625 0.5 0.40625 0.5 0.375 1 0.375 0.5 0.375 0.5 0.34375 1 0.34375 0.5 0.34375 0.5 0.3125 1 0.3125 0.5 0.3125 0.5 0.28125 1 0.28125 0.5 0.28125 0.5 0.25 1 0.25 0.5 0.25 0.5 0.21875 1 0.21875 0.5 0.21875 0.5 0.1875 1 0.1875 0.5 0.1875 0.5 0.15625 1 0.15625 0.5 0.15625 0.5 0.125 1 0.125 0.5 0.125 0.5 0.09375 1 0.09375 0.5 0.09375 0.5 0.0625 1 0.0625 0.5 0.1581559 0.02826887 0.4717311 0.1581559 0.341844 0.4717311 0.0625 0.5 0.03125 1 0.03125 0.5 0.03125 0.5 0 1 0 0.5 0.5504473 0.3833369 0.7031784 0.4853885 0.7968217 0.01461154 1 0.5 0.96875 1 0.96875 0.5 0.96875 0.5 0.9375 1 0.9375 0.5 0.9375 0.5 0.90625 1 0.90625 0.5 0.90625 0.5 0.875 1 0.875 0.5 0.875 0.5 0.84375 1 0.84375 0.5 0.84375 0.5 0.8125 1 0.8125 0.5 0.8125 0.5 0.78125 1 0.78125 0.5 0.78125 0.5 0.75 1 0.75 0.5 0.75 0.5 0.71875 1 0.71875 0.5 0.71875 0.5 0.6875 1 0.6875 0.5 0.6875 0.5 0.65625 1 0.65625 0.5 0.65625 0.5 0.625 1 0.625 0.5 0.625 0.5 0.59375 1 0.59375 0.5 0.59375 0.5 0.5625 1 0.5625 0.5 0.5625 0.5 0.53125 1 0.53125 0.5 0.53125 0.5 0.5 1 0.5 0.5 0.5 0.5 0.46875 1 0.46875 0.5 0.46875 0.5 0.4375 1 0.4375 0.5 0.4375 0.5 0.40625 1 0.40625 0.5 0.40625 0.5 0.375 1 0.375 0.5 0.375 0.5 0.34375 1 0.34375 0.5 0.34375 0.5 0.3125 1 0.3125 0.5 0.3125 0.5 0.28125 1 0.28125 0.5 0.28125 0.5 0.25 1 0.25 0.5 0.25 0.5 0.21875 1 0.21875 0.5 0.21875 0.5 0.1875 1 0.1875 0.5 0.1875 0.5 0.15625 1 0.15625 0.5 0.15625 0.5 0.125 1 0.125 0.5 0.125 0.5 0.09375 1 0.09375 0.5 0.09375 0.5 0.0625 1 0.0625 0.5 0.1581559 0.02826887 0.4717311 0.1581559 0.341844 0.4717311 0.0625 0.5 0.03125 1 0.03125 0.5 0.03125 0.5 0 1 0 0.5 0.7968217 0.01461154 0.5146116 0.2031783 0.7031784 0.4853885 1 0.5 0.96875 1 0.96875 0.5 0.96875 0.5 0.9375 1 0.9375 0.5 0.9375 0.5 0.90625 1 0.90625 0.5 0.90625 0.5 0.875 1 0.875 0.5 0.875 0.5 0.84375 1 0.84375 0.5 0.84375 0.5 0.8125 1 0.8125 0.5 0.8125 0.5 0.78125 1 0.78125 0.5 0.78125 0.5 0.75 1 0.75 0.5 0.75 0.5 0.71875 1 0.71875 0.5 0.71875 0.5 0.6875 1 0.6875 0.5 0.6875 0.5 0.65625 1 0.65625 0.5 0.65625 0.5 0.625 1 0.625 0.5 0.625 0.5 0.59375 1 0.59375 0.5 0.59375 0.5 0.5625 1 0.5625 0.5 0.5625 0.5 0.53125 1 0.53125 0.5 0.53125 0.5 0.5 1 0.5 0.5 0.5 0.5 0.46875 1 0.46875 0.5 0.46875 0.5 0.4375 1 0.4375 0.5 0.4375 0.5 0.40625 1 0.40625 0.5 0.40625 0.5 0.375 1 0.375 0.5 0.375 0.5 0.34375 1 0.34375 0.5 0.34375 0.5 0.3125 1 0.3125 0.5 0.3125 0.5 0.28125 1 0.28125 0.5 0.28125 0.5 0.25 1 0.25 0.5 0.25 0.5 0.21875 1 0.21875 0.5 0.21875 0.5 0.1875 1 0.1875 0.5 0.1875 0.5 0.15625 1 0.15625 0.5 0.15625 0.5 0.125 1 0.125 0.5 0.125 0.5 0.09375 1 0.09375 0.5 0.09375 0.5 0.0625 1 0.0625 0.5 0.4717311 0.1581559 0.4717311 0.341844 0.341844 0.4717311 0.0625 0.5 0.03125 1 0.03125 0.5 0.03125 0.5 0 1 0 0.5 0.5504473 0.3833369 0.7031784 0.4853885 0.7968217 0.01461154 1 0.5 0.96875 1 0.96875 0.5 0.96875 0.5 0.9375 1 0.9375 0.5 0.9375 0.5 0.90625 1 0.90625 0.5 0.90625 0.5 0.875 1 0.875 0.5 0.875 0.5 0.84375 1 0.84375 0.5 0.84375 0.5 0.8125 1 0.8125 0.5 0.8125 0.5 0.78125 1 0.78125 0.5 0.78125 0.5 0.75 1 0.75 0.5 0.75 0.5 0.71875 1 0.71875 0.5 0.71875 0.5 0.6875 1 0.6875 0.5 0.6875 0.5 0.65625 1 0.65625 0.5 0.65625 0.5 0.625 1 0.625 0.5 0.625 0.5 0.59375 1 0.59375 0.5 0.59375 0.5 0.5625 1 0.5625 0.5 0.5625 0.5 0.53125 1 0.53125 0.5 0.53125 0.5 0.5 1 0.5 0.5 0.5 0.5 0.46875 1 0.46875 0.5 0.46875 0.5 0.4375 1 0.4375 0.5 0.4375 0.5 0.40625 1 0.40625 0.5 0.40625 0.5 0.375 1 0.375 0.5 0.375 0.5 0.34375 1 0.34375 0.5 0.34375 0.5 0.3125 1 0.3125 0.5 0.3125 0.5 0.28125 1 0.28125 0.5 0.28125 0.5 0.25 1 0.25 0.5 0.25 0.5 0.21875 1 0.21875 0.5 0.21875 0.5 0.1875 1 0.1875 0.5 0.1875 0.5 0.15625 1 0.15625 0.5 0.15625 0.5 0.125 1 0.125 0.5 0.125 0.5 0.09375 1 0.09375 0.5 0.09375 0.5 0.0625 1 0.0625 0.5 0.341844 0.02826887 0.4717311 0.1581559 0.341844 0.4717311 0.0625 0.5 0.03125 1 0.03125 0.5 0.03125 0.5 0 1 0 0.5 0.5504473 0.3833369 0.7031784 0.4853885 0.7968217 0.01461154 1 0.5 0.96875 1 0.96875 0.5 0.96875 0.5 0.9375 1 0.9375 0.5 0.9375 0.5 0.90625 1 0.90625 0.5 0.90625 0.5 0.875 1 0.875 0.5 0.875 0.5 0.84375 1 0.84375 0.5 0.84375 0.5 0.8125 1 0.8125 0.5 0.8125 0.5 0.78125 1 0.78125 0.5 0.78125 0.5 0.75 1 0.75 0.5 0.75 0.5 0.71875 1 0.71875 0.5 0.71875 0.5 0.6875 1 0.6875 0.5 0.6875 0.5 0.65625 1 0.65625 0.5 0.65625 0.5 0.625 1 0.625 0.5 0.625 0.5 0.59375 1 0.59375 0.5 0.59375 0.5 0.5625 1 0.5625 0.5 0.5625 0.5 0.53125 1 0.53125 0.5 0.53125 0.5 0.5 1 0.5 0.5 0.5 0.5 0.46875 1 0.46875 0.5 0.46875 0.5 0.4375 1 0.4375 0.5 0.4375 0.5 0.40625 1 0.40625 0.5 0.40625 0.5 0.375 1 0.375 0.5 0.375 0.5 0.34375 1 0.34375 0.5 0.34375 0.5 0.3125 1 0.3125 0.5 0.3125 0.5 0.28125 1 0.28125 0.5 0.28125 0.5 0.25 1 0.25 0.5 0.25 0.5 0.21875 1 0.21875 0.5 0.21875 0.5 0.1875 1 0.1875 0.5 0.1875 0.5 0.15625 1 0.15625 0.5 0.15625 0.5 0.125 1 0.125 0.5 0.125 0.5 0.09375 1 0.09375 0.5 0.09375 0.5 0.0625 1 0.0625 0.5 0.02826887 0.341844 0.1581559 0.02826887 0.4717311 0.1581559 0.0625 0.5 0.03125 1 0.03125 0.5 0.03125 0.5 0 1 0 0.5 0.7031784 0.4853885 0.9853885 0.2968217 0.7968217 0.01461154 1 0.5 1 1 0.96875 1 0.96875 0.5 0.96875 1 0.9375 1 0.9375 0.5 0.9375 1 0.90625 1 0.90625 0.5 0.90625 1 0.875 1 0.875 0.5 0.875 1 0.84375 1 0.84375 0.5 0.84375 1 0.8125 1 0.8125 0.5 0.8125 1 0.78125 1 0.78125 0.5 0.78125 1 0.75 1 0.75 0.5 0.75 1 0.71875 1 0.71875 0.5 0.71875 1 0.6875 1 0.6875 0.5 0.6875 1 0.65625 1 0.65625 0.5 0.65625 1 0.625 1 0.625 0.5 0.625 1 0.59375 1 0.59375 0.5 0.59375 1 0.5625 1 0.5625 0.5 0.5625 1 0.53125 1 0.53125 0.5 0.53125 1 0.5 1 0.5 0.5 0.5 1 0.46875 1 0.46875 0.5 0.46875 1 0.4375 1 0.4375 0.5 0.4375 1 0.40625 1 0.40625 0.5 0.40625 1 0.375 1 0.375 0.5 0.375 1 0.34375 1 0.34375 0.5 0.34375 1 0.3125 1 0.3125 0.5 0.3125 1 0.28125 1 0.28125 0.5 0.28125 1 0.25 1 0.25 0.5 0.25 1 0.21875 1 0.21875 0.5 0.21875 1 0.1875 1 0.1875 0.5 0.1875 1 0.15625 1 0.15625 0.5 0.15625 1 0.125 1 0.125 0.5 0.125 1 0.09375 1 0.09375 0.5 0.09375 1 0.0625 1 0.341844 0.4717311 0.2968217 0.4853885 0.25 0.49 0.25 0.49 0.2031783 0.4853885 0.1581559 0.4717311 0.1581559 0.4717311 0.1166631 0.4495527 0.02826887 0.341844 0.1166631 0.4495527 0.08029437 0.4197056 0.02826887 0.341844 0.08029437 0.4197056 0.05044728 0.3833369 0.02826887 0.341844 0.02826887 0.341844 0.01461154 0.2968217 0.00999999 0.25 0.00999999 0.25 0.01461154 0.2031783 0.02826887 0.1581559 0.02826887 0.1581559 0.05044728 0.1166631 0.08029437 0.08029437 0.08029437 0.08029437 0.1166631 0.05044728 0.1581559 0.02826887 0.1581559 0.02826887 0.2031783 0.01461154 0.25 0.00999999 0.25 0.00999999 0.2968217 0.01461154 0.341844 0.02826887 0.341844 0.02826887 0.3833369 0.05044728 0.4197056 0.08029437 0.4197056 0.08029437 0.4495527 0.1166631 0.4717311 0.1581559 0.4717311 0.1581559 0.4853885 0.2031783 0.49 0.25 0.49 0.25 0.4853885 0.2968217 0.4717311 0.341844 0.4717311 0.341844 0.4495527 0.3833369 0.4197056 0.4197056 0.4197056 0.4197056 0.3833369 0.4495527 0.4717311 0.341844 0.3833369 0.4495527 0.341844 0.4717311 0.4717311 0.341844 0.341844 0.4717311 0.25 0.49 0.02826887 0.341844 0.25 0.49 0.1581559 0.4717311 0.02826887 0.341844 0.02826887 0.341844 0.00999999 0.25 0.02826887 0.1581559 0.02826887 0.1581559 0.08029437 0.08029437 0.1581559 0.02826887 0.1581559 0.02826887 0.25 0.00999999 0.4717311 0.1581559 0.25 0.00999999 0.341844 0.02826887 0.4717311 0.1581559 0.341844 0.02826887 0.4197056 0.08029437 0.4717311 0.1581559 0.4717311 0.1581559 0.49 0.25 0.4717311 0.341844 0.02826887 0.341844 0.02826887 0.1581559 0.1581559 0.02826887 0.4717311 0.1581559 0.4717311 0.341844 0.341844 0.4717311 0.341844 0.4717311 0.02826887 0.341844 0.4717311 0.1581559 0.0625 0.5 0.0625 1 0.03125 1 0.03125 0.5 0.03125 1 0 1 0.7031784 0.4853885 0.75 0.49 0.8833369 0.4495527 0.75 0.49 0.7968217 0.4853885 0.8833369 0.4495527 0.7968217 0.4853885 0.841844 0.4717311 0.8833369 0.4495527 0.8833369 0.4495527 0.9197056 0.4197056 0.9495527 0.3833369 0.9495527 0.3833369 0.9717311 0.341844 0.8833369 0.4495527 0.9717311 0.341844 0.9853885 0.2968217 0.8833369 0.4495527 0.9853885 0.2968217 0.99 0.25 0.9853885 0.2031783 0.9853885 0.2031783 0.9717311 0.1581559 0.9853885 0.2968217 0.9717311 0.1581559 0.9495527 0.1166631 0.9853885 0.2968217 0.9495527 0.1166631 0.9197056 0.08029437 0.8833369 0.05044728 0.8833369 0.05044728 0.841844 0.02826887 0.9495527 0.1166631 0.841844 0.02826887 0.7968217 0.01461154 0.9495527 0.1166631 0.7968217 0.01461154 0.75 0.00999999 0.7031784 0.01461154 0.7031784 0.01461154 0.658156 0.02826887 0.6166632 0.05044728 0.6166632 0.05044728 0.5802944 0.08029437 0.5146116 0.2031783 0.5802944 0.08029437 0.5504473 0.1166631 0.5146116 0.2031783 0.5504473 0.1166631 0.5282689 0.1581559 0.5146116 0.2031783 0.5146116 0.2031783 0.51 0.25 0.5146116 0.2968217 0.5146116 0.2968217 0.5282689 0.341844 0.5146116 0.2031783 0.5282689 0.341844 0.5504473 0.3833369 0.5146116 0.2031783 0.5504473 0.3833369 0.5802944 0.4197056 0.6166632 0.4495527 0.6166632 0.4495527 0.658156 0.4717311 0.7031784 0.4853885 0.7968217 0.01461154 0.7031784 0.01461154 0.5146116 0.2031783 0.7031784 0.01461154 0.6166632 0.05044728 0.5146116 0.2031783 0.5504473 0.3833369 0.6166632 0.4495527 0.5146116 0.2031783 0.6166632 0.4495527 0.7031784 0.4853885 0.5146116 0.2031783 0.7031784 0.4853885 0.8833369 0.4495527 0.7968217 0.01461154 0.8833369 0.4495527 0.9853885 0.2968217 0.7968217 0.01461154 0.9853885 0.2968217 0.9495527 0.1166631 0.7968217 0.01461154 0.625 0.5 0.875 0.5 0.875 0.75 0.375 0.75 0.625 0.75 0.625 1 0.375 0 0.625 0 0.625 0.25 0.125 0.5 0.375 0.5 0.375 0.75 0.375 0.5 0.625 0.5 0.625 0.75 0.375 0.25 0.625 0.25 0.625 0.5 1 0.5 1 1 0.96875 1 0.96875 0.5 0.96875 1 0.9375 1 0.9375 0.5 0.9375 1 0.90625 1 0.90625 0.5 0.90625 1 0.875 1 0.875 0.5 0.875 1 0.84375 1 0.84375 0.5 0.84375 1 0.8125 1 0.8125 0.5 0.8125 1 0.78125 1 0.78125 0.5 0.78125 1 0.75 1 0.75 0.5 0.75 1 0.71875 1 0.71875 0.5 0.71875 1 0.6875 1 0.6875 0.5 0.6875 1 0.65625 1 0.65625 0.5 0.65625 1 0.625 1 0.625 0.5 0.625 1 0.59375 1 0.59375 0.5 0.59375 1 0.5625 1 0.5625 0.5 0.5625 1 0.53125 1 0.53125 0.5 0.53125 1 0.5 1 0.5 0.5 0.5 1 0.46875 1 0.46875 0.5 0.46875 1 0.4375 1 0.4375 0.5 0.4375 1 0.40625 1 0.40625 0.5 0.40625 1 0.375 1 0.375 0.5 0.375 1 0.34375 1 0.34375 0.5 0.34375 1 0.3125 1 0.3125 0.5 0.3125 1 0.28125 1 0.28125 0.5 0.28125 1 0.25 1 0.25 0.5 0.25 1 0.21875 1 0.21875 0.5 0.21875 1 0.1875 1 0.1875 0.5 0.1875 1 0.15625 1 0.15625 0.5 0.15625 1 0.125 1 0.125 0.5 0.125 1 0.09375 1 0.09375 0.5 0.09375 1 0.0625 1 0.341844 0.4717311 0.2968217 0.4853885 0.25 0.49 0.25 0.49 0.2031783 0.4853885 0.1581559 0.4717311 0.1581559 0.4717311 0.1166631 0.4495527 0.08029437 0.4197056 0.08029437 0.4197056 0.05044728 0.3833369 0.1581559 0.4717311 0.05044728 0.3833369 0.02826887 0.341844 0.1581559 0.4717311 0.02826887 0.341844 0.01461154 0.2968217 0.00999999 0.25 0.00999999 0.25 0.01461154 0.2031783 0.02826887 0.1581559 0.02826887 0.1581559 0.05044728 0.1166631 0.1581559 0.02826887 0.05044728 0.1166631 0.08029437 0.08029437 0.1581559 0.02826887 0.08029437 0.08029437 0.1166631 0.05044728 0.1581559 0.02826887 0.1581559 0.02826887 0.2031783 0.01461154 0.341844 0.02826887 0.2031783 0.01461154 0.25 0.00999999 0.341844 0.02826887 0.25 0.00999999 0.2968217 0.01461154 0.341844 0.02826887 0.341844 0.02826887 0.3833369 0.05044728 0.4197056 0.08029437 0.4197056 0.08029437 0.4495527 0.1166631 0.341844 0.02826887 0.4495527 0.1166631 0.4717311 0.1581559 0.341844 0.02826887 0.4717311 0.1581559 0.4853885 0.2031783 0.49 0.25 0.49 0.25 0.4853885 0.2968217 0.4717311 0.341844 0.4717311 0.341844 0.4495527 0.3833369 0.341844 0.4717311 0.4495527 0.3833369 0.4197056 0.4197056 0.341844 0.4717311 0.4197056 0.4197056 0.3833369 0.4495527 0.341844 0.4717311 0.341844 0.4717311 0.25 0.49 0.1581559 0.4717311 0.02826887 0.341844 0.00999999 0.25 0.1581559 0.02826887 0.00999999 0.25 0.02826887 0.1581559 0.1581559 0.02826887 0.4717311 0.1581559 0.49 0.25 0.341844 0.4717311 0.49 0.25 0.4717311 0.341844 0.341844 0.4717311 0.341844 0.4717311 0.1581559 0.4717311 0.1581559 0.02826887 0.1581559 0.4717311 0.02826887 0.341844 0.1581559 0.02826887 0.1581559 0.02826887 0.341844 0.02826887 0.341844 0.4717311 0.0625 0.5 0.0625 1 0.03125 1 0.03125 0.5 0.03125 1 0 1 0.7031784 0.4853885 0.75 0.49 0.7968217 0.4853885 0.7968217 0.4853885 0.841844 0.4717311 0.7031784 0.4853885 0.841844 0.4717311 0.8833369 0.4495527 0.7031784 0.4853885 0.8833369 0.4495527 0.9197056 0.4197056 0.9495527 0.3833369 0.9495527 0.3833369 0.9717311 0.341844 0.9853885 0.2968217 0.9853885 0.2968217 0.99 0.25 0.9495527 0.1166631 0.99 0.25 0.9853885 0.2031783 0.9495527 0.1166631 0.9853885 0.2031783 0.9717311 0.1581559 0.9495527 0.1166631 0.9495527 0.1166631 0.9197056 0.08029437 0.8833369 0.05044728 0.8833369 0.05044728 0.841844 0.02826887 0.9495527 0.1166631 0.841844 0.02826887 0.7968217 0.01461154 0.9495527 0.1166631 0.7968217 0.01461154 0.75 0.00999999 0.7031784 0.01461154 0.7031784 0.01461154 0.658156 0.02826887 0.6166632 0.05044728 0.6166632 0.05044728 0.5802944 0.08029437 0.5504473 0.1166631 0.5504473 0.1166631 0.5282689 0.1581559 0.5146116 0.2031783 0.5146116 0.2031783 0.51 0.25 0.5504473 0.3833369 0.51 0.25 0.5146116 0.2968217 0.5504473 0.3833369 0.5146116 0.2968217 0.5282689 0.341844 0.5504473 0.3833369 0.5504473 0.3833369 0.5802944 0.4197056 0.6166632 0.4495527 0.6166632 0.4495527 0.658156 0.4717311 0.5504473 0.3833369 0.658156 0.4717311 0.7031784 0.4853885 0.5504473 0.3833369 0.8833369 0.4495527 0.9495527 0.3833369 0.7031784 0.4853885 0.9495527 0.3833369 0.9853885 0.2968217 0.7031784 0.4853885 0.7968217 0.01461154 0.7031784 0.01461154 0.5146116 0.2031783 0.7031784 0.01461154 0.6166632 0.05044728 0.5146116 0.2031783 0.6166632 0.05044728 0.5504473 0.1166631 0.5146116 0.2031783 0.9853885 0.2968217 0.9495527 0.1166631 0.7968217 0.01461154 0.5146116 0.2031783 0.5504473 0.3833369 0.7968217 0.01461154 0.5504473 0.3833369 0.7031784 0.4853885 0.7968217 0.01461154 1 0.5 1 1 0.96875 1 0.96875 0.5 0.96875 1 0.9375 1 0.9375 0.5 0.9375 1 0.90625 1 0.90625 0.5 0.90625 1 0.875 1 0.875 0.5 0.875 1 0.84375 1 0.84375 0.5 0.84375 1 0.8125 1 0.8125 0.5 0.8125 1 0.78125 1 0.78125 0.5 0.78125 1 0.75 1 0.75 0.5 0.75 1 0.71875 1 0.71875 0.5 0.71875 1 0.6875 1 0.6875 0.5 0.6875 1 0.65625 1 0.65625 0.5 0.65625 1 0.625 1 0.625 0.5 0.625 1 0.59375 1 0.59375 0.5 0.59375 1 0.5625 1 0.5625 0.5 0.5625 1 0.53125 1 0.53125 0.5 0.53125 1 0.5 1 0.5 0.5 0.5 1 0.46875 1 0.46875 0.5 0.46875 1 0.4375 1 0.4375 0.5 0.4375 1 0.40625 1 0.40625 0.5 0.40625 1 0.375 1 0.375 0.5 0.375 1 0.34375 1 0.34375 0.5 0.34375 1 0.3125 1 0.3125 0.5 0.3125 1 0.28125 1 0.28125 0.5 0.28125 1 0.25 1 0.25 0.5 0.25 1 0.21875 1 0.21875 0.5 0.21875 1 0.1875 1 0.1875 0.5 0.1875 1 0.15625 1 0.15625 0.5 0.15625 1 0.125 1 0.125 0.5 0.125 1 0.09375 1 0.09375 0.5 0.09375 1 0.0625 1 0.341844 0.4717311 0.2968217 0.4853885 0.25 0.49 0.25 0.49 0.2031783 0.4853885 0.1581559 0.4717311 0.1581559 0.4717311 0.1166631 0.4495527 0.08029437 0.4197056 0.08029437 0.4197056 0.05044728 0.3833369 0.1581559 0.4717311 0.05044728 0.3833369 0.02826887 0.341844 0.1581559 0.4717311 0.02826887 0.341844 0.01461154 0.2968217 0.00999999 0.25 0.00999999 0.25 0.01461154 0.2031783 0.02826887 0.1581559 0.02826887 0.1581559 0.05044728 0.1166631 0.1581559 0.02826887 0.05044728 0.1166631 0.08029437 0.08029437 0.1581559 0.02826887 0.08029437 0.08029437 0.1166631 0.05044728 0.1581559 0.02826887 0.1581559 0.02826887 0.2031783 0.01461154 0.25 0.00999999 0.25 0.00999999 0.2968217 0.01461154 0.1581559 0.02826887 0.2968217 0.01461154 0.341844 0.02826887 0.1581559 0.02826887 0.341844 0.02826887 0.3833369 0.05044728 0.4197056 0.08029437 0.4197056 0.08029437 0.4495527 0.1166631 0.341844 0.02826887 0.4495527 0.1166631 0.4717311 0.1581559 0.341844 0.02826887 0.4717311 0.1581559 0.4853885 0.2031783 0.49 0.25 0.49 0.25 0.4853885 0.2968217 0.4717311 0.341844 0.4717311 0.341844 0.4495527 0.3833369 0.341844 0.4717311 0.4495527 0.3833369 0.4197056 0.4197056 0.341844 0.4717311 0.4197056 0.4197056 0.3833369 0.4495527 0.341844 0.4717311 0.341844 0.4717311 0.25 0.49 0.1581559 0.4717311 0.02826887 0.341844 0.00999999 0.25 0.1581559 0.02826887 0.00999999 0.25 0.02826887 0.1581559 0.1581559 0.02826887 0.4717311 0.1581559 0.49 0.25 0.341844 0.4717311 0.49 0.25 0.4717311 0.341844 0.341844 0.4717311 0.341844 0.4717311 0.1581559 0.4717311 0.1581559 0.02826887 0.1581559 0.4717311 0.02826887 0.341844 0.1581559 0.02826887 0.1581559 0.02826887 0.341844 0.02826887 0.341844 0.4717311 0.0625 0.5 0.0625 1 0.03125 1 0.03125 0.5 0.03125 1 0 1 0.7031784 0.4853885 0.75 0.49 0.7968217 0.4853885 0.7968217 0.4853885 0.841844 0.4717311 0.7031784 0.4853885 0.841844 0.4717311 0.8833369 0.4495527 0.7031784 0.4853885 0.8833369 0.4495527 0.9197056 0.4197056 0.9495527 0.3833369 0.9495527 0.3833369 0.9717311 0.341844 0.9853885 0.2968217 0.9853885 0.2968217 0.99 0.25 0.9495527 0.1166631 0.99 0.25 0.9853885 0.2031783 0.9495527 0.1166631 0.9853885 0.2031783 0.9717311 0.1581559 0.9495527 0.1166631 0.9495527 0.1166631 0.9197056 0.08029437 0.8833369 0.05044728 0.8833369 0.05044728 0.841844 0.02826887 0.9495527 0.1166631 0.841844 0.02826887 0.7968217 0.01461154 0.9495527 0.1166631 0.7968217 0.01461154 0.75 0.00999999 0.7031784 0.01461154 0.7031784 0.01461154 0.658156 0.02826887 0.6166632 0.05044728 0.6166632 0.05044728 0.5802944 0.08029437 0.5504473 0.1166631 0.5504473 0.1166631 0.5282689 0.1581559 0.5146116 0.2031783 0.5146116 0.2031783 0.51 0.25 0.5504473 0.3833369 0.51 0.25 0.5146116 0.2968217 0.5504473 0.3833369 0.5146116 0.2968217 0.5282689 0.341844 0.5504473 0.3833369 0.5504473 0.3833369 0.5802944 0.4197056 0.6166632 0.4495527 0.6166632 0.4495527 0.658156 0.4717311 0.5504473 0.3833369 0.658156 0.4717311 0.7031784 0.4853885 0.5504473 0.3833369 0.8833369 0.4495527 0.9495527 0.3833369 0.7031784 0.4853885 0.9495527 0.3833369 0.9853885 0.2968217 0.7031784 0.4853885 0.7968217 0.01461154 0.7031784 0.01461154 0.6166632 0.05044728 0.6166632 0.05044728 0.5504473 0.1166631 0.7968217 0.01461154 0.5504473 0.1166631 0.5146116 0.2031783 0.7968217 0.01461154 0.9853885 0.2968217 0.9495527 0.1166631 0.7031784 0.4853885 0.9495527 0.1166631 0.7968217 0.01461154 0.7031784 0.4853885 0.5146116 0.2031783 0.5504473 0.3833369 0.7968217 0.01461154 1 0.5 1 1 0.96875 1 0.96875 0.5 0.96875 1 0.9375 1 0.9375 0.5 0.9375 1 0.90625 1 0.90625 0.5 0.90625 1 0.875 1 0.875 0.5 0.875 1 0.84375 1 0.84375 0.5 0.84375 1 0.8125 1 0.8125 0.5 0.8125 1 0.78125 1 0.78125 0.5 0.78125 1 0.75 1 0.75 0.5 0.75 1 0.71875 1 0.71875 0.5 0.71875 1 0.6875 1 0.6875 0.5 0.6875 1 0.65625 1 0.65625 0.5 0.65625 1 0.625 1 0.625 0.5 0.625 1 0.59375 1 0.59375 0.5 0.59375 1 0.5625 1 0.5625 0.5 0.5625 1 0.53125 1 0.53125 0.5 0.53125 1 0.5 1 0.5 0.5 0.5 1 0.46875 1 0.46875 0.5 0.46875 1 0.4375 1 0.4375 0.5 0.4375 1 0.40625 1 0.40625 0.5 0.40625 1 0.375 1 0.375 0.5 0.375 1 0.34375 1 0.34375 0.5 0.34375 1 0.3125 1 0.3125 0.5 0.3125 1 0.28125 1 0.28125 0.5 0.28125 1 0.25 1 0.25 0.5 0.25 1 0.21875 1 0.21875 0.5 0.21875 1 0.1875 1 0.1875 0.5 0.1875 1 0.15625 1 0.15625 0.5 0.15625 1 0.125 1 0.125 0.5 0.125 1 0.09375 1 0.09375 0.5 0.09375 1 0.0625 1 0.341844 0.4717311 0.2968217 0.4853885 0.25 0.49 0.25 0.49 0.2031783 0.4853885 0.341844 0.4717311 0.2031783 0.4853885 0.1581559 0.4717311 0.341844 0.4717311 0.1581559 0.4717311 0.1166631 0.4495527 0.08029437 0.4197056 0.08029437 0.4197056 0.05044728 0.3833369 0.1581559 0.4717311 0.05044728 0.3833369 0.02826887 0.341844 0.1581559 0.4717311 0.02826887 0.341844 0.01461154 0.2968217 0.00999999 0.25 0.00999999 0.25 0.01461154 0.2031783 0.02826887 0.1581559 0.02826887 0.1581559 0.05044728 0.1166631 0.08029437 0.08029437 0.08029437 0.08029437 0.1166631 0.05044728 0.1581559 0.02826887 0.1581559 0.02826887 0.2031783 0.01461154 0.25 0.00999999 0.25 0.00999999 0.2968217 0.01461154 0.341844 0.02826887 0.341844 0.02826887 0.3833369 0.05044728 0.4197056 0.08029437 0.4197056 0.08029437 0.4495527 0.1166631 0.4717311 0.1581559 0.4717311 0.1581559 0.4853885 0.2031783 0.49 0.25 0.49 0.25 0.4853885 0.2968217 0.4717311 0.341844 0.4717311 0.341844 0.4495527 0.3833369 0.341844 0.4717311 0.4495527 0.3833369 0.4197056 0.4197056 0.341844 0.4717311 0.4197056 0.4197056 0.3833369 0.4495527 0.341844 0.4717311 0.02826887 0.341844 0.00999999 0.25 0.02826887 0.1581559 0.02826887 0.1581559 0.08029437 0.08029437 0.02826887 0.341844 0.08029437 0.08029437 0.1581559 0.02826887 0.02826887 0.341844 0.1581559 0.02826887 0.25 0.00999999 0.4717311 0.1581559 0.25 0.00999999 0.341844 0.02826887 0.4717311 0.1581559 0.341844 0.02826887 0.4197056 0.08029437 0.4717311 0.1581559 0.4717311 0.1581559 0.49 0.25 0.4717311 0.341844 0.341844 0.4717311 0.1581559 0.4717311 0.1581559 0.02826887 0.1581559 0.4717311 0.02826887 0.341844 0.1581559 0.02826887 0.4717311 0.1581559 0.4717311 0.341844 0.341844 0.4717311 0.0625 0.5 0.0625 1 0.03125 1 0.03125 0.5 0.03125 1 0 1 0.7031784 0.4853885 0.75 0.49 0.7968217 0.4853885 0.7968217 0.4853885 0.841844 0.4717311 0.7031784 0.4853885 0.841844 0.4717311 0.8833369 0.4495527 0.7031784 0.4853885 0.8833369 0.4495527 0.9197056 0.4197056 0.9495527 0.3833369 0.9495527 0.3833369 0.9717311 0.341844 0.9853885 0.2968217 0.9853885 0.2968217 0.99 0.25 0.9495527 0.1166631 0.99 0.25 0.9853885 0.2031783 0.9495527 0.1166631 0.9853885 0.2031783 0.9717311 0.1581559 0.9495527 0.1166631 0.9495527 0.1166631 0.9197056 0.08029437 0.7968217 0.01461154 0.9197056 0.08029437 0.8833369 0.05044728 0.7968217 0.01461154 0.8833369 0.05044728 0.841844 0.02826887 0.7968217 0.01461154 0.7968217 0.01461154 0.75 0.00999999 0.6166632 0.05044728 0.75 0.00999999 0.7031784 0.01461154 0.6166632 0.05044728 0.7031784 0.01461154 0.658156 0.02826887 0.6166632 0.05044728 0.6166632 0.05044728 0.5802944 0.08029437 0.5504473 0.1166631 0.5504473 0.1166631 0.5282689 0.1581559 0.5146116 0.2031783 0.5146116 0.2031783 0.51 0.25 0.5146116 0.2968217 0.5146116 0.2968217 0.5282689 0.341844 0.5146116 0.2031783 0.5282689 0.341844 0.5504473 0.3833369 0.5146116 0.2031783 0.5504473 0.3833369 0.5802944 0.4197056 0.6166632 0.4495527 0.6166632 0.4495527 0.658156 0.4717311 0.5504473 0.3833369 0.658156 0.4717311 0.7031784 0.4853885 0.5504473 0.3833369 0.8833369 0.4495527 0.9495527 0.3833369 0.7031784 0.4853885 0.9495527 0.3833369 0.9853885 0.2968217 0.7031784 0.4853885 0.6166632 0.05044728 0.5504473 0.1166631 0.7968217 0.01461154 0.5504473 0.1166631 0.5146116 0.2031783 0.7968217 0.01461154 0.9853885 0.2968217 0.9495527 0.1166631 0.7031784 0.4853885 0.9495527 0.1166631 0.7968217 0.01461154 0.7031784 0.4853885 0.5146116 0.2031783 0.5504473 0.3833369 0.7968217 0.01461154 1 0.5 1 1 0.96875 1 0.96875 0.5 0.96875 1 0.9375 1 0.9375 0.5 0.9375 1 0.90625 1 0.90625 0.5 0.90625 1 0.875 1 0.875 0.5 0.875 1 0.84375 1 0.84375 0.5 0.84375 1 0.8125 1 0.8125 0.5 0.8125 1 0.78125 1 0.78125 0.5 0.78125 1 0.75 1 0.75 0.5 0.75 1 0.71875 1 0.71875 0.5 0.71875 1 0.6875 1 0.6875 0.5 0.6875 1 0.65625 1 0.65625 0.5 0.65625 1 0.625 1 0.625 0.5 0.625 1 0.59375 1 0.59375 0.5 0.59375 1 0.5625 1 0.5625 0.5 0.5625 1 0.53125 1 0.53125 0.5 0.53125 1 0.5 1 0.5 0.5 0.5 1 0.46875 1 0.46875 0.5 0.46875 1 0.4375 1 0.4375 0.5 0.4375 1 0.40625 1 0.40625 0.5 0.40625 1 0.375 1 0.375 0.5 0.375 1 0.34375 1 0.34375 0.5 0.34375 1 0.3125 1 0.3125 0.5 0.3125 1 0.28125 1 0.28125 0.5 0.28125 1 0.25 1 0.25 0.5 0.25 1 0.21875 1 0.21875 0.5 0.21875 1 0.1875 1 0.1875 0.5 0.1875 1 0.15625 1 0.15625 0.5 0.15625 1 0.125 1 0.125 0.5 0.125 1 0.09375 1 0.09375 0.5 0.09375 1 0.0625 1 0.341844 0.4717311 0.2968217 0.4853885 0.1581559 0.4717311 0.2968217 0.4853885 0.25 0.49 0.1581559 0.4717311 0.25 0.49 0.2031783 0.4853885 0.1581559 0.4717311 0.1581559 0.4717311 0.1166631 0.4495527 0.08029437 0.4197056 0.08029437 0.4197056 0.05044728 0.3833369 0.1581559 0.4717311 0.05044728 0.3833369 0.02826887 0.341844 0.1581559 0.4717311 0.02826887 0.341844 0.01461154 0.2968217 0.02826887 0.1581559 0.01461154 0.2968217 0.00999999 0.25 0.02826887 0.1581559 0.00999999 0.25 0.01461154 0.2031783 0.02826887 0.1581559 0.02826887 0.1581559 0.05044728 0.1166631 0.08029437 0.08029437 0.08029437 0.08029437 0.1166631 0.05044728 0.1581559 0.02826887 0.1581559 0.02826887 0.2031783 0.01461154 0.25 0.00999999 0.25 0.00999999 0.2968217 0.01461154 0.341844 0.02826887 0.341844 0.02826887 0.3833369 0.05044728 0.4197056 0.08029437 0.4197056 0.08029437 0.4495527 0.1166631 0.4717311 0.1581559 0.4717311 0.1581559 0.4853885 0.2031783 0.49 0.25 0.49 0.25 0.4853885 0.2968217 0.4717311 0.1581559 0.4853885 0.2968217 0.4717311 0.341844 0.4717311 0.1581559 0.4717311 0.341844 0.4495527 0.3833369 0.341844 0.4717311 0.4495527 0.3833369 0.4197056 0.4197056 0.341844 0.4717311 0.4197056 0.4197056 0.3833369 0.4495527 0.341844 0.4717311 0.02826887 0.1581559 0.08029437 0.08029437 0.02826887 0.341844 0.08029437 0.08029437 0.1581559 0.02826887 0.02826887 0.341844 0.1581559 0.02826887 0.25 0.00999999 0.4717311 0.1581559 0.25 0.00999999 0.341844 0.02826887 0.4717311 0.1581559 0.341844 0.02826887 0.4197056 0.08029437 0.4717311 0.1581559 0.341844 0.4717311 0.1581559 0.4717311 0.1581559 0.02826887 0.1581559 0.4717311 0.02826887 0.341844 0.1581559 0.02826887 0.4717311 0.1581559 0.4717311 0.341844 0.341844 0.4717311 0.0625 0.5 0.0625 1 0.03125 1 0.03125 0.5 0.03125 1 0 1 0.7031784 0.4853885 0.75 0.49 0.7968217 0.4853885 0.7968217 0.4853885 0.841844 0.4717311 0.7031784 0.4853885 0.841844 0.4717311 0.8833369 0.4495527 0.7031784 0.4853885 0.8833369 0.4495527 0.9197056 0.4197056 0.9495527 0.3833369 0.9495527 0.3833369 0.9717311 0.341844 0.9853885 0.2968217 0.9853885 0.2968217 0.99 0.25 0.9495527 0.1166631 0.99 0.25 0.9853885 0.2031783 0.9495527 0.1166631 0.9853885 0.2031783 0.9717311 0.1581559 0.9495527 0.1166631 0.9495527 0.1166631 0.9197056 0.08029437 0.8833369 0.05044728 0.8833369 0.05044728 0.841844 0.02826887 0.9495527 0.1166631 0.841844 0.02826887 0.7968217 0.01461154 0.9495527 0.1166631 0.7968217 0.01461154 0.75 0.00999999 0.6166632 0.05044728 0.75 0.00999999 0.7031784 0.01461154 0.6166632 0.05044728 0.7031784 0.01461154 0.658156 0.02826887 0.6166632 0.05044728 0.6166632 0.05044728 0.5802944 0.08029437 0.5504473 0.1166631 0.5504473 0.1166631 0.5282689 0.1581559 0.5146116 0.2031783 0.5146116 0.2031783 0.51 0.25 0.5504473 0.3833369 0.51 0.25 0.5146116 0.2968217 0.5504473 0.3833369 0.5146116 0.2968217 0.5282689 0.341844 0.5504473 0.3833369 0.5504473 0.3833369 0.5802944 0.4197056 0.6166632 0.4495527 0.6166632 0.4495527 0.658156 0.4717311 0.5504473 0.3833369 0.658156 0.4717311 0.7031784 0.4853885 0.5504473 0.3833369 0.8833369 0.4495527 0.9495527 0.3833369 0.7031784 0.4853885 0.9495527 0.3833369 0.9853885 0.2968217 0.7031784 0.4853885 0.6166632 0.05044728 0.5504473 0.1166631 0.7968217 0.01461154 0.5504473 0.1166631 0.5146116 0.2031783 0.7968217 0.01461154 0.9853885 0.2968217 0.9495527 0.1166631 0.7031784 0.4853885 0.9495527 0.1166631 0.7968217 0.01461154 0.7031784 0.4853885 0.5146116 0.2031783 0.5504473 0.3833369 0.7031784 0.4853885 1 0.5 1 1 0.96875 1 0.96875 0.5 0.96875 1 0.9375 1 0.9375 0.5 0.9375 1 0.90625 1 0.90625 0.5 0.90625 1 0.875 1 0.875 0.5 0.875 1 0.84375 1 0.84375 0.5 0.84375 1 0.8125 1 0.8125 0.5 0.8125 1 0.78125 1 0.78125 0.5 0.78125 1 0.75 1 0.75 0.5 0.75 1 0.71875 1 0.71875 0.5 0.71875 1 0.6875 1 0.6875 0.5 0.6875 1 0.65625 1 0.65625 0.5 0.65625 1 0.625 1 0.625 0.5 0.625 1 0.59375 1 0.59375 0.5 0.59375 1 0.5625 1 0.5625 0.5 0.5625 1 0.53125 1 0.53125 0.5 0.53125 1 0.5 1 0.5 0.5 0.5 1 0.46875 1 0.46875 0.5 0.46875 1 0.4375 1 0.4375 0.5 0.4375 1 0.40625 1 0.40625 0.5 0.40625 1 0.375 1 0.375 0.5 0.375 1 0.34375 1 0.34375 0.5 0.34375 1 0.3125 1 0.3125 0.5 0.3125 1 0.28125 1 0.28125 0.5 0.28125 1 0.25 1 0.25 0.5 0.25 1 0.21875 1 0.21875 0.5 0.21875 1 0.1875 1 0.1875 0.5 0.1875 1 0.15625 1 0.15625 0.5 0.15625 1 0.125 1 0.125 0.5 0.125 1 0.09375 1 0.09375 0.5 0.09375 1 0.0625 1 0.341844 0.4717311 0.2968217 0.4853885 0.25 0.49 0.25 0.49 0.2031783 0.4853885 0.1581559 0.4717311 0.1581559 0.4717311 0.1166631 0.4495527 0.08029437 0.4197056 0.08029437 0.4197056 0.05044728 0.3833369 0.1581559 0.4717311 0.05044728 0.3833369 0.02826887 0.341844 0.1581559 0.4717311 0.02826887 0.341844 0.01461154 0.2968217 0.00999999 0.25 0.00999999 0.25 0.01461154 0.2031783 0.02826887 0.1581559 0.02826887 0.1581559 0.05044728 0.1166631 0.1581559 0.02826887 0.05044728 0.1166631 0.08029437 0.08029437 0.1581559 0.02826887 0.08029437 0.08029437 0.1166631 0.05044728 0.1581559 0.02826887 0.1581559 0.02826887 0.2031783 0.01461154 0.25 0.00999999 0.25 0.00999999 0.2968217 0.01461154 0.341844 0.02826887 0.341844 0.02826887 0.3833369 0.05044728 0.4197056 0.08029437 0.4197056 0.08029437 0.4495527 0.1166631 0.341844 0.02826887 0.4495527 0.1166631 0.4717311 0.1581559 0.341844 0.02826887 0.4717311 0.1581559 0.4853885 0.2031783 0.4717311 0.341844 0.4853885 0.2031783 0.49 0.25 0.4717311 0.341844 0.49 0.25 0.4853885 0.2968217 0.4717311 0.341844 0.4717311 0.341844 0.4495527 0.3833369 0.341844 0.4717311 0.4495527 0.3833369 0.4197056 0.4197056 0.341844 0.4717311 0.4197056 0.4197056 0.3833369 0.4495527 0.341844 0.4717311 0.341844 0.4717311 0.25 0.49 0.1581559 0.4717311 0.02826887 0.341844 0.00999999 0.25 0.1581559 0.02826887 0.00999999 0.25 0.02826887 0.1581559 0.1581559 0.02826887 0.1581559 0.02826887 0.25 0.00999999 0.341844 0.02826887 0.341844 0.4717311 0.1581559 0.4717311 0.1581559 0.02826887 0.1581559 0.4717311 0.02826887 0.341844 0.1581559 0.02826887 0.1581559 0.02826887 0.341844 0.02826887 0.341844 0.4717311 0.341844 0.02826887 0.4717311 0.1581559 0.341844 0.4717311 0.0625 0.5 0.0625 1 0.03125 1 0.03125 0.5 0.03125 1 0 1 0.7031784 0.4853885 0.75 0.49 0.7968217 0.4853885 0.7968217 0.4853885 0.841844 0.4717311 0.7031784 0.4853885 0.841844 0.4717311 0.8833369 0.4495527 0.7031784 0.4853885 0.8833369 0.4495527 0.9197056 0.4197056 0.9495527 0.3833369 0.9495527 0.3833369 0.9717311 0.341844 0.9853885 0.2968217 0.9853885 0.2968217 0.99 0.25 0.9853885 0.2031783 0.9853885 0.2031783 0.9717311 0.1581559 0.9495527 0.1166631 0.9495527 0.1166631 0.9197056 0.08029437 0.8833369 0.05044728 0.8833369 0.05044728 0.841844 0.02826887 0.9495527 0.1166631 0.841844 0.02826887 0.7968217 0.01461154 0.9495527 0.1166631 0.7968217 0.01461154 0.75 0.00999999 0.7031784 0.01461154 0.7031784 0.01461154 0.658156 0.02826887 0.7968217 0.01461154 0.658156 0.02826887 0.6166632 0.05044728 0.7968217 0.01461154 0.6166632 0.05044728 0.5802944 0.08029437 0.5504473 0.1166631 0.5504473 0.1166631 0.5282689 0.1581559 0.5146116 0.2031783 0.5146116 0.2031783 0.51 0.25 0.5504473 0.3833369 0.51 0.25 0.5146116 0.2968217 0.5504473 0.3833369 0.5146116 0.2968217 0.5282689 0.341844 0.5504473 0.3833369 0.5504473 0.3833369 0.5802944 0.4197056 0.6166632 0.4495527 0.6166632 0.4495527 0.658156 0.4717311 0.5504473 0.3833369 0.658156 0.4717311 0.7031784 0.4853885 0.5504473 0.3833369 0.8833369 0.4495527 0.9495527 0.3833369 0.7031784 0.4853885 0.9495527 0.3833369 0.9853885 0.2968217 0.7031784 0.4853885 0.9853885 0.2968217 0.9853885 0.2031783 0.9495527 0.1166631 0.6166632 0.05044728 0.5504473 0.1166631 0.7968217 0.01461154 0.5504473 0.1166631 0.5146116 0.2031783 0.7968217 0.01461154 0.9853885 0.2968217 0.9495527 0.1166631 0.7031784 0.4853885 0.9495527 0.1166631 0.7968217 0.01461154 0.7031784 0.4853885 0.5146116 0.2031783 0.5504473 0.3833369 0.7968217 0.01461154 1 0.5 1 1 0.96875 1 0.96875 0.5 0.96875 1 0.9375 1 0.9375 0.5 0.9375 1 0.90625 1 0.90625 0.5 0.90625 1 0.875 1 0.875 0.5 0.875 1 0.84375 1 0.84375 0.5 0.84375 1 0.8125 1 0.8125 0.5 0.8125 1 0.78125 1 0.78125 0.5 0.78125 1 0.75 1 0.75 0.5 0.75 1 0.71875 1 0.71875 0.5 0.71875 1 0.6875 1 0.6875 0.5 0.6875 1 0.65625 1 0.65625 0.5 0.65625 1 0.625 1 0.625 0.5 0.625 1 0.59375 1 0.59375 0.5 0.59375 1 0.5625 1 0.5625 0.5 0.5625 1 0.53125 1 0.53125 0.5 0.53125 1 0.5 1 0.5 0.5 0.5 1 0.46875 1 0.46875 0.5 0.46875 1 0.4375 1 0.4375 0.5 0.4375 1 0.40625 1 0.40625 0.5 0.40625 1 0.375 1 0.375 0.5 0.375 1 0.34375 1 0.34375 0.5 0.34375 1 0.3125 1 0.3125 0.5 0.3125 1 0.28125 1 0.28125 0.5 0.28125 1 0.25 1 0.25 0.5 0.25 1 0.21875 1 0.21875 0.5 0.21875 1 0.1875 1 0.1875 0.5 0.1875 1 0.15625 1 0.15625 0.5 0.15625 1 0.125 1 0.125 0.5 0.125 1 0.09375 1 0.09375 0.5 0.09375 1 0.0625 1 0.341844 0.4717311 0.2968217 0.4853885 0.25 0.49 0.25 0.49 0.2031783 0.4853885 0.1581559 0.4717311 0.1581559 0.4717311 0.1166631 0.4495527 0.08029437 0.4197056 0.08029437 0.4197056 0.05044728 0.3833369 0.1581559 0.4717311 0.05044728 0.3833369 0.02826887 0.341844 0.1581559 0.4717311 0.02826887 0.341844 0.01461154 0.2968217 0.00999999 0.25 0.00999999 0.25 0.01461154 0.2031783 0.02826887 0.1581559 0.02826887 0.1581559 0.05044728 0.1166631 0.1581559 0.02826887 0.05044728 0.1166631 0.08029437 0.08029437 0.1581559 0.02826887 0.08029437 0.08029437 0.1166631 0.05044728 0.1581559 0.02826887 0.1581559 0.02826887 0.2031783 0.01461154 0.25 0.00999999 0.25 0.00999999 0.2968217 0.01461154 0.341844 0.02826887 0.341844 0.02826887 0.3833369 0.05044728 0.4197056 0.08029437 0.4197056 0.08029437 0.4495527 0.1166631 0.341844 0.02826887 0.4495527 0.1166631 0.4717311 0.1581559 0.341844 0.02826887 0.4717311 0.1581559 0.4853885 0.2031783 0.49 0.25 0.49 0.25 0.4853885 0.2968217 0.4717311 0.341844 0.4717311 0.341844 0.4495527 0.3833369 0.341844 0.4717311 0.4495527 0.3833369 0.4197056 0.4197056 0.341844 0.4717311 0.4197056 0.4197056 0.3833369 0.4495527 0.341844 0.4717311 0.341844 0.4717311 0.25 0.49 0.1581559 0.4717311 0.02826887 0.341844 0.00999999 0.25 0.1581559 0.02826887 0.00999999 0.25 0.02826887 0.1581559 0.1581559 0.02826887 0.1581559 0.02826887 0.25 0.00999999 0.341844 0.02826887 0.4717311 0.1581559 0.49 0.25 0.341844 0.4717311 0.49 0.25 0.4717311 0.341844 0.341844 0.4717311 0.341844 0.4717311 0.1581559 0.4717311 0.1581559 0.02826887 0.1581559 0.4717311 0.02826887 0.341844 0.1581559 0.02826887 0.1581559 0.02826887 0.341844 0.02826887 0.341844 0.4717311 0.0625 0.5 0.0625 1 0.03125 1 0.03125 0.5 0.03125 1 0 1 0.7031784 0.4853885 0.75 0.49 0.7968217 0.4853885 0.7968217 0.4853885 0.841844 0.4717311 0.7031784 0.4853885 0.841844 0.4717311 0.8833369 0.4495527 0.7031784 0.4853885 0.8833369 0.4495527 0.9197056 0.4197056 0.9495527 0.3833369 0.9495527 0.3833369 0.9717311 0.341844 0.9853885 0.2968217 0.9853885 0.2968217 0.99 0.25 0.9495527 0.1166631 0.99 0.25 0.9853885 0.2031783 0.9495527 0.1166631 0.9853885 0.2031783 0.9717311 0.1581559 0.9495527 0.1166631 0.9495527 0.1166631 0.9197056 0.08029437 0.8833369 0.05044728 0.8833369 0.05044728 0.841844 0.02826887 0.9495527 0.1166631 0.841844 0.02826887 0.7968217 0.01461154 0.9495527 0.1166631 0.7968217 0.01461154 0.75 0.00999999 0.7031784 0.01461154 0.7031784 0.01461154 0.658156 0.02826887 0.7968217 0.01461154 0.658156 0.02826887 0.6166632 0.05044728 0.7968217 0.01461154 0.6166632 0.05044728 0.5802944 0.08029437 0.5504473 0.1166631 0.5504473 0.1166631 0.5282689 0.1581559 0.5146116 0.2031783 0.5146116 0.2031783 0.51 0.25 0.5504473 0.3833369 0.51 0.25 0.5146116 0.2968217 0.5504473 0.3833369 0.5146116 0.2968217 0.5282689 0.341844 0.5504473 0.3833369 0.5504473 0.3833369 0.5802944 0.4197056 0.6166632 0.4495527 0.6166632 0.4495527 0.658156 0.4717311 0.5504473 0.3833369 0.658156 0.4717311 0.7031784 0.4853885 0.5504473 0.3833369 0.8833369 0.4495527 0.9495527 0.3833369 0.7031784 0.4853885 0.9495527 0.3833369 0.9853885 0.2968217 0.7031784 0.4853885 0.6166632 0.05044728 0.5504473 0.1166631 0.7968217 0.01461154 0.5504473 0.1166631 0.5146116 0.2031783 0.7968217 0.01461154 0.9853885 0.2968217 0.9495527 0.1166631 0.7031784 0.4853885 0.9495527 0.1166631 0.7968217 0.01461154 0.7031784 0.4853885 0.5146116 0.2031783 0.5504473 0.3833369 0.7968217 0.01461154 1 0.5 1 1 0.96875 1 0.96875 0.5 0.96875 1 0.9375 1 0.9375 0.5 0.9375 1 0.90625 1 0.90625 0.5 0.90625 1 0.875 1 0.875 0.5 0.875 1 0.84375 1 0.84375 0.5 0.84375 1 0.8125 1 0.8125 0.5 0.8125 1 0.78125 1 0.78125 0.5 0.78125 1 0.75 1 0.75 0.5 0.75 1 0.71875 1 0.71875 0.5 0.71875 1 0.6875 1 0.6875 0.5 0.6875 1 0.65625 1 0.65625 0.5 0.65625 1 0.625 1 0.625 0.5 0.625 1 0.59375 1 0.59375 0.5 0.59375 1 0.5625 1 0.5625 0.5 0.5625 1 0.53125 1 0.53125 0.5 0.53125 1 0.5 1 0.5 0.5 0.5 1 0.46875 1 0.46875 0.5 0.46875 1 0.4375 1 0.4375 0.5 0.4375 1 0.40625 1 0.40625 0.5 0.40625 1 0.375 1 0.375 0.5 0.375 1 0.34375 1 0.34375 0.5 0.34375 1 0.3125 1 0.3125 0.5 0.3125 1 0.28125 1 0.28125 0.5 0.28125 1 0.25 1 0.25 0.5 0.25 1 0.21875 1 0.21875 0.5 0.21875 1 0.1875 1 0.1875 0.5 0.1875 1 0.15625 1 0.15625 0.5 0.15625 1 0.125 1 0.125 0.5 0.125 1 0.09375 1 0.09375 0.5 0.09375 1 0.0625 1 0.341844 0.4717311 0.2968217 0.4853885 0.25 0.49 0.25 0.49 0.2031783 0.4853885 0.1581559 0.4717311 0.1581559 0.4717311 0.1166631 0.4495527 0.08029437 0.4197056 0.08029437 0.4197056 0.05044728 0.3833369 0.1581559 0.4717311 0.05044728 0.3833369 0.02826887 0.341844 0.1581559 0.4717311 0.02826887 0.341844 0.01461154 0.2968217 0.00999999 0.25 0.00999999 0.25 0.01461154 0.2031783 0.02826887 0.1581559 0.02826887 0.1581559 0.05044728 0.1166631 0.08029437 0.08029437 0.08029437 0.08029437 0.1166631 0.05044728 0.02826887 0.1581559 0.1166631 0.05044728 0.1581559 0.02826887 0.02826887 0.1581559 0.1581559 0.02826887 0.2031783 0.01461154 0.25 0.00999999 0.25 0.00999999 0.2968217 0.01461154 0.341844 0.02826887 0.341844 0.02826887 0.3833369 0.05044728 0.4717311 0.1581559 0.3833369 0.05044728 0.4197056 0.08029437 0.4717311 0.1581559 0.4197056 0.08029437 0.4495527 0.1166631 0.4717311 0.1581559 0.4717311 0.1581559 0.4853885 0.2031783 0.49 0.25 0.49 0.25 0.4853885 0.2968217 0.4717311 0.1581559 0.4853885 0.2968217 0.4717311 0.341844 0.4717311 0.1581559 0.4717311 0.341844 0.4495527 0.3833369 0.4197056 0.4197056 0.4197056 0.4197056 0.3833369 0.4495527 0.341844 0.4717311 0.341844 0.4717311 0.25 0.49 0.02826887 0.341844 0.25 0.49 0.1581559 0.4717311 0.02826887 0.341844 0.02826887 0.341844 0.00999999 0.25 0.02826887 0.1581559 0.1581559 0.02826887 0.25 0.00999999 0.4717311 0.1581559 0.25 0.00999999 0.341844 0.02826887 0.4717311 0.1581559 0.4717311 0.341844 0.4197056 0.4197056 0.341844 0.4717311 0.02826887 0.341844 0.02826887 0.1581559 0.1581559 0.02826887 0.4717311 0.1581559 0.4717311 0.341844 0.341844 0.4717311 0.341844 0.4717311 0.02826887 0.341844 0.4717311 0.1581559 0.0625 0.5 0.0625 1 0.03125 1 0.03125 0.5 0.03125 1 0 1 0.7031784 0.4853885 0.75 0.49 0.8833369 0.4495527 0.75 0.49 0.7968217 0.4853885 0.8833369 0.4495527 0.7968217 0.4853885 0.841844 0.4717311 0.8833369 0.4495527 0.8833369 0.4495527 0.9197056 0.4197056 0.9495527 0.3833369 0.9495527 0.3833369 0.9717311 0.341844 0.8833369 0.4495527 0.9717311 0.341844 0.9853885 0.2968217 0.8833369 0.4495527 0.9853885 0.2968217 0.99 0.25 0.9853885 0.2031783 0.9853885 0.2031783 0.9717311 0.1581559 0.9853885 0.2968217 0.9717311 0.1581559 0.9495527 0.1166631 0.9853885 0.2968217 0.9495527 0.1166631 0.9197056 0.08029437 0.8833369 0.05044728 0.8833369 0.05044728 0.841844 0.02826887 0.7968217 0.01461154 0.7968217 0.01461154 0.75 0.00999999 0.6166632 0.05044728 0.75 0.00999999 0.7031784 0.01461154 0.6166632 0.05044728 0.7031784 0.01461154 0.658156 0.02826887 0.6166632 0.05044728 0.6166632 0.05044728 0.5802944 0.08029437 0.5504473 0.1166631 0.5504473 0.1166631 0.5282689 0.1581559 0.6166632 0.05044728 0.5282689 0.1581559 0.5146116 0.2031783 0.6166632 0.05044728 0.5146116 0.2031783 0.51 0.25 0.5504473 0.3833369 0.51 0.25 0.5146116 0.2968217 0.5504473 0.3833369 0.5146116 0.2968217 0.5282689 0.341844 0.5504473 0.3833369 0.5504473 0.3833369 0.5802944 0.4197056 0.7031784 0.4853885 0.5802944 0.4197056 0.6166632 0.4495527 0.7031784 0.4853885 0.6166632 0.4495527 0.658156 0.4717311 0.7031784 0.4853885 0.9495527 0.1166631 0.8833369 0.05044728 0.9853885 0.2968217 0.8833369 0.05044728 0.7968217 0.01461154 0.9853885 0.2968217 0.7031784 0.4853885 0.8833369 0.4495527 0.9853885 0.2968217 0.7968217 0.01461154 0.6166632 0.05044728 0.5146116 0.2031783 0.5146116 0.2031783 0.5504473 0.3833369 0.7968217 0.01461154 0.5504473 0.3833369 0.7031784 0.4853885 0.7968217 0.01461154 0.375 0 0.625 0.25 0.375 0.25 0.375 0.25 0.625 0.5 0.375 0.5 0.375 0.5 0.625 0.75 0.375 0.75 0.375 0.75 0.625 1 0.375 1 0.125 0.5 0.375 0.75 0.125 0.75 0.625 0.5 0.875 0.75 0.625 0.75 0.375 0 0.625 0.25 0.375 0.25 0.375 0.25 0.625 0.5 0.375 0.5 0.375 0.5 0.625 0.75 0.375 0.75 0.375 0.75 0.625 1 0.375 1 0.125 0.5 0.375 0.75 0.125 0.75 0.625 0.5 0.875 0.75 0.625 0.75 0.375 0 0.625 0.25 0.375 0.25 0.375 0.25 0.625 0.5 0.375 0.5 0.375 0.5 0.625 0.75 0.375 0.75 0.375 0.75 0.625 1 0.375 1 0.125 0.5 0.375 0.75 0.125 0.75 0.625 0.5 0.875 0.75 0.625 0.75 0.375 0 0.625 0.25 0.375 0.25 0.375 0.25 0.625 0.5 0.375 0.5 0.375 0.5 0.625 0.75 0.375 0.75 0.375 0.75 0.625 1 0.375 1 0.125 0.5 0.375 0.75 0.125 0.75 0.625 0.5 0.875 0.75 0.625 0.75 0.375 0 0.625 0 0.625 0.25 0.375 0.25 0.625 0.25 0.625 0.5 0.375 0.5 0.625 0.5 0.625 0.75 0.375 0.75 0.625 0.75 0.625 1 0.125 0.5 0.375 0.5 0.375 0.75 0.625 0.5 0.875 0.5 0.875 0.75 0.375 0 0.625 0 0.625 0.25 0.375 0.25 0.625 0.25 0.625 0.5 0.375 0.5 0.625 0.5 0.625 0.75 0.375 0.75 0.625 0.75 0.625 1 0.125 0.5 0.375 0.5 0.375 0.75 0.625 0.5 0.875 0.5 0.875 0.75 0.375 0 0.625 0 0.625 0.25 0.375 0.25 0.625 0.25 0.625 0.5 0.375 0.5 0.625 0.5 0.625 0.75 0.375 0.75 0.625 0.75 0.625 1 0.125 0.5 0.375 0.5 0.375 0.75 0.625 0.5 0.875 0.5 0.875 0.75 0.375 0 0.625 0 0.625 0.25 0.375 0.25 0.625 0.25 0.625 0.5 0.375 0.5 0.625 0.5 0.625 0.75 0.375 0.75 0.625 0.75 0.625 1 0.125 0.5 0.375 0.5 0.375 0.75 0.625 0.5 0.875 0.5 0.875 0.75</float_array>
          <technique_common>
            <accessor source="#Cylinder_011-mesh-map-0-array" count="3156" stride="2">
              <param name="S" type="float"/>
              <param name="T" type="float"/>
            </accessor>
          </technique_common>
        </source>
        <vertices id="Cylinder_011-mesh-vertices">
          <input semantic="POSITION" source="#Cylinder_011-mesh-positions"/>
        </vertices>
        <triangles material="Material-material" count="1052">
          <input semantic="VERTEX" source="#Cylinder_011-mesh-vertices" offset="0"/>
          <input semantic="NORMAL" source="#Cylinder_011-mesh-normals" offset="1"/>
          <input semantic="TEXCOORD" source="#Cylinder_011-mesh-map-0" offset="2" set="0"/>
          <p>0 0 0 3 0 1 2 0 2 2 1 3 5 1 4 4 1 5 4 2 6 7 2 7 6 2 8 6 3 9 9 3 10 8 3 11 8 4 12 11 4 13 10 4 14 10 5 15 13 5 16 12 5 17 12 6 18 15 6 19 14 6 20 14 7 21 17 7 22 16 7 23 16 8 24 19 8 25 18 8 26 18 9 27 21 9 28 20 9 29 20 10 30 23 10 31 22 10 32 22 11 33 25 11 34 24 11 35 24 12 36 27 12 37 26 12 38 26 13 39 29 13 40 28 13 41 28 14 42 31 14 43 30 14 44 30 15 45 33 15 46 32 15 47 32 16 48 35 16 49 34 16 50 34 17 51 37 17 52 36 17 53 36 18 54 39 18 55 38 18 56 38 19 57 41 19 58 40 19 59 40 20 60 43 20 61 42 20 62 42 21 63 45 21 64 44 21 65 44 22 66 47 22 67 46 22 68 46 23 69 49 23 70 48 23 71 48 24 72 51 24 73 50 24 74 50 25 75 53 25 76 52 25 77 52 26 78 55 26 79 54 26 80 54 27 81 57 27 82 56 27 83 56 28 84 59 28 85 58 28 86 58 29 87 61 29 88 60 29 89 53 30 90 37 30 91 21 30 92 60 31 93 63 31 94 62 31 95 62 32 96 1 32 97 0 32 98 30 33 99 46 33 100 62 33 101 64 34 102 70 34 103 66 34 104 67 35 105 70 35 106 71 35 107 71 36 108 68 36 109 69 36 110 69 37 111 67 37 112 71 37 113 65 38 114 66 38 115 67 38 116 69 39 117 64 39 118 65 39 119 72 40 120 75 40 121 74 40 122 74 41 123 77 41 124 76 41 125 76 42 126 79 42 127 78 42 128 78 43 129 81 43 130 80 43 131 80 44 132 83 44 133 82 44 134 82 45 135 85 45 136 84 45 137 84 46 138 87 46 139 86 46 140 86 47 141 89 47 142 88 47 143 88 48 144 91 48 145 90 48 146 90 49 147 93 49 148 92 49 149 92 50 150 95 50 151 94 50 152 94 51 153 97 51 154 96 51 155 96 52 156 99 52 157 98 52 158 98 53 159 101 53 160 100 53 161 100 54 162 103 54 163 102 54 164 102 55 165 105 55 166 104 55 167 104 56 168 107 56 169 106 56 170 106 57 171 109 57 172 108 57 173 108 58 174 111 58 175 110 58 176 110 59 177 113 59 178 112 59 179 112 60 180 115 60 181 114 60 182 114 61 183 117 61 184 116 61 185 116 62 186 119 62 187 118 62 188 118 63 189 121 63 190 120 63 191 120 64 192 123 64 193 122 64 194 122 65 195 125 65 196 124 65 197 124 66 198 127 66 199 126 66 200 126 67 201 129 67 202 128 67 203 128 68 204 131 68 205 130 68 206 130 69 207 133 69 208 132 69 209 101 70 210 93 70 211 77 70 212 132 71 213 135 71 214 134 71 215 134 72 216 73 72 217 72 72 218 134 73 219 86 73 220 102 73 221 136 74 222 139 74 223 138 74 224 138 75 225 141 75 226 140 75 227 140 76 228 143 76 229 142 76 230 142 77 231 145 77 232 144 77 233 144 78 234 147 78 235 146 78 236 146 79 237 149 79 238 148 79 239 148 80 240 151 80 241 150 80 242 150 81 243 153 81 244 152 81 245 152 82 246 155 82 247 154 82 248 154 83 249 157 83 250 156 83 251 156 84 252 159 84 253 158 84 254 158 85 255 161 85 256 160 85 257 160 86 258 163 86 259 162 86 260 162 87 261 165 87 262 164 87 263 164 88 264 167 88 265 166 88 266 166 89 267 169 89 268 168 89 269 168 90 270 171 90 271 170 90 272 170 91 273 173 91 274 172 91 275 172 92 276 175 92 277 174 92 278 174 93 279 177 93 280 176 93 281 176 94 282 179 94 283 178 94 284 178 95 285 181 95 286 180 95 287 180 96 288 183 96 289 182 96 290 182 97 291 185 97 292 184 97 293 184 98 294 187 98 295 186 98 296 186 99 297 189 99 298 188 99 299 188 100 300 191 100 301 190 100 302 190 101 303 193 101 304 192 101 305 192 102 306 195 102 307 194 102 308 194 103 309 197 103 310 196 103 311 165 104 312 157 104 313 141 104 314 196 105 315 199 105 316 198 105 317 198 106 318 137 106 319 136 106 320 190 107 321 198 107 322 166 107 323 200 108 324 203 108 325 202 108 326 202 109 327 205 109 328 204 109 329 204 110 330 207 110 331 206 110 332 206 111 333 209 111 334 208 111 335 208 112 336 211 112 337 210 112 338 210 113 339 213 113 340 212 113 341 212 114 342 215 114 343 214 114 344 214 115 345 217 115 346 216 115 347 216 116 348 219 116 349 218 116 350 218 117 351 221 117 352 220 117 353 220 118 354 223 118 355 222 118 356 222 119 357 225 119 358 224 119 359 224 120 360 227 120 361 226 120 362 226 121 363 229 121 364 228 121 365 228 122 366 231 122 367 230 122 368 230 123 369 233 123 370 232 123 371 232 124 372 235 124 373 234 124 374 234 125 375 237 125 376 236 125 377 236 126 378 239 126 379 238 126 380 238 127 381 241 127 382 240 127 383 240 128 384 243 128 385 242 128 386 242 129 387 245 129 388 244 129 389 244 130 390 247 130 391 246 130 392 246 131 393 249 131 394 248 131 395 248 132 396 251 132 397 250 132 398 250 133 399 253 133 400 252 133 401 252 134 402 255 134 403 254 134 404 254 135 405 257 135 406 256 135 407 256 136 408 259 136 409 258 136 410 258 137 411 261 137 412 260 137 413 237 138 414 221 138 415 205 138 416 260 139 417 263 139 418 262 139 419 262 140 420 201 140 421 200 140 422 254 141 423 262 141 424 230 141 425 264 142 426 267 142 427 266 142 428 266 143 429 269 143 430 268 143 431 268 144 432 271 144 433 270 144 434 270 145 435 273 145 436 272 145 437 272 146 438 275 146 439 274 146 440 274 147 441 277 147 442 276 147 443 276 148 444 279 148 445 278 148 446 278 149 447 281 149 448 280 149 449 280 150 450 283 150 451 282 150 452 282 151 453 285 151 454 284 151 455 284 152 456 287 152 457 286 152 458 286 153 459 289 153 460 288 153 461 288 154 462 291 154 463 290 154 464 290 155 465 293 155 466 292 155 467 292 156 468 295 156 469 294 156 470 294 157 471 297 157 472 296 157 473 296 158 474 299 158 475 298 158 476 298 159 477 301 159 478 300 159 479 300 160 480 303 160 481 302 160 482 302 161 483 305 161 484 304 161 485 304 162 486 307 162 487 306 162 488 306 163 489 309 163 490 308 163 491 308 164 492 311 164 493 310 164 494 310 165 495 313 165 496 312 165 497 312 166 498 315 166 499 314 166 500 314 167 501 317 167 502 316 167 503 316 168 504 319 168 505 318 168 506 318 169 507 321 169 508 320 169 509 320 170 510 323 170 511 322 170 512 322 171 513 325 171 514 324 171 515 301 172 516 285 172 517 269 172 518 324 173 519 327 173 520 326 173 521 326 174 522 265 174 523 264 174 524 294 175 525 310 175 526 326 175 527 328 176 528 331 176 529 330 176 530 330 177 531 333 177 532 332 177 533 332 178 534 335 178 535 334 178 536 334 179 537 337 179 538 336 179 539 336 180 540 339 180 541 338 180 542 338 181 543 341 181 544 340 181 545 340 182 546 343 182 547 342 182 548 342 183 549 345 183 550 344 183 551 344 184 552 347 184 553 346 184 554 346 185 555 349 185 556 348 185 557 348 186 558 351 186 559 350 186 560 350 187 561 353 187 562 352 187 563 352 188 564 355 188 565 354 188 566 354 189 567 357 189 568 356 189 569 356 190 570 359 190 571 358 190 572 358 191 573 361 191 574 360 191 575 360 192 576 363 192 577 362 192 578 362 193 579 365 193 580 364 193 581 364 194 582 367 194 583 366 194 584 366 195 585 369 195 586 368 195 587 368 196 588 371 196 589 370 196 590 370 197 591 373 197 592 372 197 593 372 198 594 375 198 595 374 198 596 374 199 597 377 199 598 376 199 599 376 200 600 379 200 601 378 200 602 378 201 603 381 201 604 380 201 605 380 202 606 383 202 607 382 202 608 382 203 609 385 203 610 384 203 611 384 204 612 387 204 613 386 204 614 386 205 615 389 205 616 388 205 617 349 206 618 341 206 619 333 206 620 388 207 621 391 207 622 390 207 623 390 208 624 329 208 625 328 208 626 382 209 627 390 209 628 358 209 629 392 210 630 395 210 631 394 210 632 394 211 633 397 211 634 396 211 635 396 212 636 399 212 637 398 212 638 398 213 639 401 213 640 400 213 641 400 214 642 403 214 643 402 214 644 402 215 645 405 215 646 404 215 647 404 216 648 407 216 649 406 216 650 406 217 651 409 217 652 408 217 653 408 218 654 411 218 655 410 218 656 410 219 657 413 219 658 412 219 659 412 220 660 415 220 661 414 220 662 414 221 663 417 221 664 416 221 665 416 222 666 419 222 667 418 222 668 418 223 669 421 223 670 420 223 671 420 224 672 423 224 673 422 224 674 422 225 675 425 225 676 424 225 677 424 226 678 427 226 679 426 226 680 426 227 681 429 227 682 428 227 683 428 228 684 431 228 685 430 228 686 430 229 687 433 229 688 432 229 689 432 230 690 435 230 691 434 230 692 434 231 693 437 231 694 436 231 695 436 232 696 439 232 697 438 232 698 438 233 699 441 233 700 440 233 701 440 234 702 443 234 703 442 234 704 442 235 705 445 235 706 444 235 707 444 236 708 447 236 709 446 236 710 446 237 711 449 237 712 448 237 713 448 238 714 451 238 715 450 238 716 450 239 717 453 239 718 452 239 719 421 240 720 413 240 721 397 240 722 452 241 723 455 241 724 454 241 725 454 242 726 393 242 727 392 242 728 446 243 729 454 243 730 422 243 731 456 244 732 459 244 733 458 244 734 458 245 735 461 245 736 460 245 737 460 246 738 463 246 739 462 246 740 462 247 741 465 247 742 464 247 743 464 248 744 467 248 745 466 248 746 466 249 747 469 249 748 468 249 749 468 250 750 471 250 751 470 250 752 470 251 753 473 251 754 472 251 755 472 252 756 475 252 757 474 252 758 474 253 759 477 253 760 476 253 761 476 254 762 479 254 763 478 254 764 478 255 765 481 255 766 480 255 767 480 256 768 483 256 769 482 256 770 482 257 771 485 257 772 484 257 773 484 258 774 487 258 775 486 258 776 486 259 777 489 259 778 488 259 779 488 260 780 491 260 781 490 260 782 490 261 783 493 261 784 492 261 785 492 262 786 495 262 787 494 262 788 494 263 789 497 263 790 496 263 791 496 264 792 499 264 793 498 264 794 498 265 795 501 265 796 500 265 797 500 266 798 503 266 799 502 266 800 502 267 801 505 267 802 504 267 803 504 268 804 507 268 805 506 268 806 506 269 807 509 269 808 508 269 809 508 270 810 511 270 811 510 270 812 510 271 813 513 271 814 512 271 815 512 272 816 515 272 817 514 272 818 514 273 819 517 273 820 516 273 821 509 274 822 493 274 823 477 274 824 516 275 825 519 275 826 518 275 827 518 276 828 457 276 829 456 276 830 518 277 831 470 277 832 486 277 833 0 278 834 1 278 835 3 278 836 2 279 837 3 279 838 5 279 839 4 280 840 5 280 841 7 280 842 6 281 843 7 281 844 9 281 845 8 282 846 9 282 847 11 282 848 10 283 849 11 283 850 13 283 851 12 284 852 13 284 853 15 284 854 14 285 855 15 285 856 17 285 857 16 286 858 17 286 859 19 286 860 18 287 861 19 287 862 21 287 863 20 288 864 21 288 865 23 288 866 22 289 867 23 289 868 25 289 869 24 290 870 25 290 871 27 290 872 26 291 873 27 291 874 29 291 875 28 292 876 29 292 877 31 292 878 30 293 879 31 293 880 33 293 881 32 294 882 33 294 883 35 294 884 34 295 885 35 295 886 37 295 887 36 296 888 37 296 889 39 296 890 38 297 891 39 297 892 41 297 893 40 298 894 41 298 895 43 298 896 42 299 897 43 299 898 45 299 899 44 300 900 45 300 901 47 300 902 46 301 903 47 301 904 49 301 905 48 302 906 49 302 907 51 302 908 50 303 909 51 303 910 53 303 911 52 304 912 53 304 913 55 304 914 54 305 915 55 305 916 57 305 917 56 306 918 57 306 919 59 306 920 58 307 921 59 307 922 61 307 923 5 308 924 3 308 925 1 308 926 1 309 927 63 309 928 61 309 929 61 310 930 59 310 931 53 310 932 59 311 933 57 311 934 53 311 935 57 312 936 55 312 937 53 312 938 53 313 939 51 313 940 49 313 941 49 314 942 47 314 943 45 314 944 45 315 945 43 315 946 41 315 947 41 316 948 39 316 949 37 316 950 37 317 951 35 317 952 33 317 953 33 318 954 31 318 955 29 318 956 29 319 957 27 319 958 25 319 959 25 320 960 23 320 961 21 320 962 21 321 963 19 321 964 17 321 965 17 322 966 15 322 967 13 322 968 13 323 969 11 323 970 9 323 971 9 324 972 7 324 973 13 324 974 7 325 975 5 325 976 13 325 977 5 326 978 1 326 979 53 326 980 1 327 981 61 327 982 53 327 983 53 328 984 49 328 985 45 328 986 45 329 987 41 329 988 37 329 989 37 330 990 33 330 991 21 330 992 33 331 993 29 331 994 21 331 995 29 332 996 25 332 997 21 332 998 21 333 999 17 333 1000 13 333 1001 53 334 1002 45 334 1003 37 334 1004 21 335 1005 13 335 1006 5 335 1007 5 336 1008 53 336 1009 21 336 1010 60 337 1011 61 337 1012 63 337 1013 62 338 1014 63 338 1015 1 338 1016 62 339 1017 0 339 1018 6 339 1019 0 340 1020 2 340 1021 6 340 1022 2 341 1023 4 341 1024 6 341 1025 6 342 1026 8 342 1027 10 342 1028 10 343 1029 12 343 1030 6 343 1031 12 344 1032 14 344 1033 6 344 1034 14 345 1035 16 345 1036 18 345 1037 18 346 1038 20 346 1039 14 346 1040 20 347 1041 22 347 1042 14 347 1043 22 348 1044 24 348 1045 26 348 1046 26 349 1047 28 349 1048 22 349 1049 28 350 1050 30 350 1051 22 350 1052 30 351 1053 32 351 1054 34 351 1055 34 352 1056 36 352 1057 38 352 1058 38 353 1059 40 353 1060 46 353 1061 40 354 1062 42 354 1063 46 354 1064 42 355 1065 44 355 1066 46 355 1067 46 356 1068 48 356 1069 50 356 1070 50 357 1071 52 357 1072 46 357 1073 52 358 1074 54 358 1075 46 358 1076 54 359 1077 56 359 1078 58 359 1079 58 360 1080 60 360 1081 62 360 1082 30 361 1083 34 361 1084 46 361 1085 34 362 1086 38 362 1087 46 362 1088 54 363 1089 58 363 1090 46 363 1091 58 364 1092 62 364 1093 46 364 1094 62 365 1095 6 365 1096 30 365 1097 6 366 1098 14 366 1099 30 366 1100 14 367 1101 22 367 1102 30 367 1103 64 368 1104 68 368 1105 70 368 1106 67 369 1107 66 369 1108 70 369 1109 71 370 1110 70 370 1111 68 370 1112 69 371 1113 65 371 1114 67 371 1115 65 372 1116 64 372 1117 66 372 1118 69 373 1119 68 373 1120 64 373 1121 72 374 1122 73 374 1123 75 374 1124 74 375 1125 75 375 1126 77 375 1127 76 376 1128 77 376 1129 79 376 1130 78 377 1131 79 377 1132 81 377 1133 80 378 1134 81 378 1135 83 378 1136 82 379 1137 83 379 1138 85 379 1139 84 380 1140 85 380 1141 87 380 1142 86 381 1143 87 381 1144 89 381 1145 88 382 1146 89 382 1147 91 382 1148 90 383 1149 91 383 1150 93 383 1151 92 384 1152 93 384 1153 95 384 1154 94 385 1155 95 385 1156 97 385 1157 96 386 1158 97 386 1159 99 386 1160 98 387 1161 99 387 1162 101 387 1163 100 388 1164 101 388 1165 103 388 1166 102 389 1167 103 389 1168 105 389 1169 104 390 1170 105 390 1171 107 390 1172 106 391 1173 107 391 1174 109 391 1175 108 392 1176 109 392 1177 111 392 1178 110 393 1179 111 393 1180 113 393 1181 112 394 1182 113 394 1183 115 394 1184 114 395 1185 115 395 1186 117 395 1187 116 396 1188 117 396 1189 119 396 1190 118 397 1191 119 397 1192 121 397 1193 120 398 1194 121 398 1195 123 398 1196 122 399 1197 123 399 1198 125 399 1199 124 400 1200 125 400 1201 127 400 1202 126 401 1203 127 401 1204 129 401 1205 128 402 1206 129 402 1207 131 402 1208 130 403 1209 131 403 1210 133 403 1211 77 404 1212 75 404 1213 73 404 1214 73 405 1215 135 405 1216 133 405 1217 133 406 1218 131 406 1219 129 406 1220 129 407 1221 127 407 1222 133 407 1223 127 408 1224 125 408 1225 133 408 1226 125 409 1227 123 409 1228 121 409 1229 121 410 1230 119 410 1231 117 410 1232 117 411 1233 115 411 1234 109 411 1235 115 412 1236 113 412 1237 109 412 1238 113 413 1239 111 413 1240 109 413 1241 109 414 1242 107 414 1243 101 414 1244 107 415 1245 105 415 1246 101 415 1247 105 416 1248 103 416 1249 101 416 1250 101 417 1251 99 417 1252 97 417 1253 97 418 1254 95 418 1255 101 418 1256 95 419 1257 93 419 1258 101 419 1259 93 420 1260 91 420 1261 89 420 1262 89 421 1263 87 421 1264 85 421 1265 85 422 1266 83 422 1267 77 422 1268 83 423 1269 81 423 1270 77 423 1271 81 424 1272 79 424 1273 77 424 1274 77 425 1275 73 425 1276 133 425 1277 125 426 1278 121 426 1279 109 426 1280 121 427 1281 117 427 1282 109 427 1283 93 428 1284 89 428 1285 77 428 1286 89 429 1287 85 429 1288 77 429 1289 77 430 1290 133 430 1291 109 430 1292 133 431 1293 125 431 1294 109 431 1295 109 432 1296 101 432 1297 77 432 1298 132 433 1299 133 433 1300 135 433 1301 134 434 1302 135 434 1303 73 434 1304 134 435 1305 72 435 1306 74 435 1307 74 436 1308 76 436 1309 134 436 1310 76 437 1311 78 437 1312 134 437 1313 78 438 1314 80 438 1315 82 438 1316 82 439 1317 84 439 1318 86 439 1319 86 440 1320 88 440 1321 94 440 1322 88 441 1323 90 441 1324 94 441 1325 90 442 1326 92 442 1327 94 442 1328 94 443 1329 96 443 1330 98 443 1331 98 444 1332 100 444 1333 94 444 1334 100 445 1335 102 445 1336 94 445 1337 102 446 1338 104 446 1339 106 446 1340 106 447 1341 108 447 1342 110 447 1343 110 448 1344 112 448 1345 114 448 1346 114 449 1347 116 449 1348 118 449 1349 118 450 1350 120 450 1351 126 450 1352 120 451 1353 122 451 1354 126 451 1355 122 452 1356 124 452 1357 126 452 1358 126 453 1359 128 453 1360 130 453 1361 130 454 1362 132 454 1363 126 454 1364 132 455 1365 134 455 1366 126 455 1367 78 456 1368 82 456 1369 134 456 1370 82 457 1371 86 457 1372 134 457 1373 102 458 1374 106 458 1375 118 458 1376 106 459 1377 110 459 1378 118 459 1379 110 460 1380 114 460 1381 118 460 1382 86 461 1383 94 461 1384 102 461 1385 118 462 1386 126 462 1387 102 462 1388 126 463 1389 134 463 1390 102 463 1391 136 464 1392 137 464 1393 139 464 1394 138 465 1395 139 465 1396 141 465 1397 140 466 1398 141 466 1399 143 466 1400 142 467 1401 143 467 1402 145 467 1403 144 468 1404 145 468 1405 147 468 1406 146 469 1407 147 469 1408 149 469 1409 148 470 1410 149 470 1411 151 470 1412 150 471 1413 151 471 1414 153 471 1415 152 472 1416 153 472 1417 155 472 1418 154 473 1419 155 473 1420 157 473 1421 156 474 1422 157 474 1423 159 474 1424 158 475 1425 159 475 1426 161 475 1427 160 476 1428 161 476 1429 163 476 1430 162 477 1431 163 477 1432 165 477 1433 164 478 1434 165 478 1435 167 478 1436 166 479 1437 167 479 1438 169 479 1439 168 480 1440 169 480 1441 171 480 1442 170 481 1443 171 481 1444 173 481 1445 172 482 1446 173 482 1447 175 482 1448 174 483 1449 175 483 1450 177 483 1451 176 484 1452 177 484 1453 179 484 1454 178 485 1455 179 485 1456 181 485 1457 180 486 1458 181 486 1459 183 486 1460 182 487 1461 183 487 1462 185 487 1463 184 488 1464 185 488 1465 187 488 1466 186 489 1467 187 489 1468 189 489 1469 188 490 1470 189 490 1471 191 490 1472 190 491 1473 191 491 1474 193 491 1475 192 492 1476 193 492 1477 195 492 1478 194 493 1479 195 493 1480 197 493 1481 141 494 1482 139 494 1483 137 494 1484 137 495 1485 199 495 1486 197 495 1487 197 496 1488 195 496 1489 193 496 1490 193 497 1491 191 497 1492 197 497 1493 191 498 1494 189 498 1495 197 498 1496 189 499 1497 187 499 1498 185 499 1499 185 500 1500 183 500 1501 181 500 1502 181 501 1503 179 501 1504 173 501 1505 179 502 1506 177 502 1507 173 502 1508 177 503 1509 175 503 1510 173 503 1511 173 504 1512 171 504 1513 169 504 1514 169 505 1515 167 505 1516 173 505 1517 167 506 1518 165 506 1519 173 506 1520 165 507 1521 163 507 1522 161 507 1523 161 508 1524 159 508 1525 165 508 1526 159 509 1527 157 509 1528 165 509 1529 157 510 1530 155 510 1531 153 510 1532 153 511 1533 151 511 1534 149 511 1535 149 512 1536 147 512 1537 141 512 1538 147 513 1539 145 513 1540 141 513 1541 145 514 1542 143 514 1543 141 514 1544 141 515 1545 137 515 1546 197 515 1547 189 516 1548 185 516 1549 173 516 1550 185 517 1551 181 517 1552 173 517 1553 157 518 1554 153 518 1555 141 518 1556 153 519 1557 149 519 1558 141 519 1559 141 520 1560 197 520 1561 173 520 1562 197 521 1563 189 521 1564 173 521 1565 173 522 1566 165 522 1567 141 522 1568 196 523 1569 197 523 1570 199 523 1571 198 524 1572 199 524 1573 137 524 1574 198 525 1575 136 525 1576 138 525 1577 138 526 1578 140 526 1579 198 526 1580 140 527 1581 142 527 1582 198 527 1583 142 528 1584 144 528 1585 146 528 1586 146 529 1587 148 529 1588 150 529 1589 150 530 1590 152 530 1591 158 530 1592 152 531 1593 154 531 1594 158 531 1595 154 532 1596 156 532 1597 158 532 1598 158 533 1599 160 533 1600 162 533 1601 162 534 1602 164 534 1603 158 534 1604 164 535 1605 166 535 1606 158 535 1607 166 536 1608 168 536 1609 170 536 1610 170 537 1611 172 537 1612 174 537 1613 174 538 1614 176 538 1615 178 538 1616 178 539 1617 180 539 1618 182 539 1619 182 540 1620 184 540 1621 190 540 1622 184 541 1623 186 541 1624 190 541 1625 186 542 1626 188 542 1627 190 542 1628 190 543 1629 192 543 1630 194 543 1631 194 544 1632 196 544 1633 190 544 1634 196 545 1635 198 545 1636 190 545 1637 142 546 1638 146 546 1639 198 546 1640 146 547 1641 150 547 1642 198 547 1643 166 548 1644 170 548 1645 174 548 1646 174 549 1647 178 549 1648 166 549 1649 178 550 1650 182 550 1651 166 550 1652 150 551 1653 158 551 1654 198 551 1655 158 552 1656 166 552 1657 198 552 1658 182 553 1659 190 553 1660 166 553 1661 200 554 1662 201 554 1663 203 554 1664 202 555 1665 203 555 1666 205 555 1667 204 556 1668 205 556 1669 207 556 1670 206 557 1671 207 557 1672 209 557 1673 208 558 1674 209 558 1675 211 558 1676 210 559 1677 211 559 1678 213 559 1679 212 560 1680 213 560 1681 215 560 1682 214 561 1683 215 561 1684 217 561 1685 216 562 1686 217 562 1687 219 562 1688 218 563 1689 219 563 1690 221 563 1691 220 564 1692 221 564 1693 223 564 1694 222 565 1695 223 565 1696 225 565 1697 224 566 1698 225 566 1699 227 566 1700 226 567 1701 227 567 1702 229 567 1703 228 568 1704 229 568 1705 231 568 1706 230 569 1707 231 569 1708 233 569 1709 232 570 1710 233 570 1711 235 570 1712 234 571 1713 235 571 1714 237 571 1715 236 572 1716 237 572 1717 239 572 1718 238 573 1719 239 573 1720 241 573 1721 240 574 1722 241 574 1723 243 574 1724 242 575 1725 243 575 1726 245 575 1727 244 576 1728 245 576 1729 247 576 1730 246 577 1731 247 577 1732 249 577 1733 248 578 1734 249 578 1735 251 578 1736 250 579 1737 251 579 1738 253 579 1739 252 580 1740 253 580 1741 255 580 1742 254 581 1743 255 581 1744 257 581 1745 256 582 1746 257 582 1747 259 582 1748 258 583 1749 259 583 1750 261 583 1751 205 584 1752 203 584 1753 201 584 1754 201 585 1755 263 585 1756 205 585 1757 263 586 1758 261 586 1759 205 586 1760 261 587 1761 259 587 1762 257 587 1763 257 588 1764 255 588 1765 261 588 1766 255 589 1767 253 589 1768 261 589 1769 253 590 1770 251 590 1771 249 590 1772 249 591 1773 247 591 1774 245 591 1775 245 592 1776 243 592 1777 241 592 1778 241 593 1779 239 593 1780 237 593 1781 237 594 1782 235 594 1783 233 594 1784 233 595 1785 231 595 1786 229 595 1787 229 596 1788 227 596 1789 225 596 1790 225 597 1791 223 597 1792 221 597 1793 221 598 1794 219 598 1795 217 598 1796 217 599 1797 215 599 1798 213 599 1799 213 600 1800 211 600 1801 205 600 1802 211 601 1803 209 601 1804 205 601 1805 209 602 1806 207 602 1807 205 602 1808 253 603 1809 249 603 1810 245 603 1811 245 604 1812 241 604 1813 253 604 1814 241 605 1815 237 605 1816 253 605 1817 237 606 1818 233 606 1819 221 606 1820 233 607 1821 229 607 1822 221 607 1823 229 608 1824 225 608 1825 221 608 1826 221 609 1827 217 609 1828 213 609 1829 205 610 1830 261 610 1831 237 610 1832 261 611 1833 253 611 1834 237 611 1835 221 612 1836 213 612 1837 205 612 1838 260 613 1839 261 613 1840 263 613 1841 262 614 1842 263 614 1843 201 614 1844 262 615 1845 200 615 1846 202 615 1847 202 616 1848 204 616 1849 262 616 1850 204 617 1851 206 617 1852 262 617 1853 206 618 1854 208 618 1855 210 618 1856 210 619 1857 212 619 1858 214 619 1859 214 620 1860 216 620 1861 222 620 1862 216 621 1863 218 621 1864 222 621 1865 218 622 1866 220 622 1867 222 622 1868 222 623 1869 224 623 1870 230 623 1871 224 624 1872 226 624 1873 230 624 1874 226 625 1875 228 625 1876 230 625 1877 230 626 1878 232 626 1879 238 626 1880 232 627 1881 234 627 1882 238 627 1883 234 628 1884 236 628 1885 238 628 1886 238 629 1887 240 629 1888 242 629 1889 242 630 1890 244 630 1891 246 630 1892 246 631 1893 248 631 1894 250 631 1895 250 632 1896 252 632 1897 246 632 1898 252 633 1899 254 633 1900 246 633 1901 254 634 1902 256 634 1903 258 634 1904 258 635 1905 260 635 1906 254 635 1907 260 636 1908 262 636 1909 254 636 1910 206 637 1911 210 637 1912 262 637 1913 210 638 1914 214 638 1915 262 638 1916 238 639 1917 242 639 1918 230 639 1919 242 640 1920 246 640 1921 230 640 1922 214 641 1923 222 641 1924 262 641 1925 222 642 1926 230 642 1927 262 642 1928 246 643 1929 254 643 1930 230 643 1931 264 644 1932 265 644 1933 267 644 1934 266 645 1935 267 645 1936 269 645 1937 268 646 1938 269 646 1939 271 646 1940 270 647 1941 271 647 1942 273 647 1943 272 648 1944 273 648 1945 275 648 1946 274 649 1947 275 649 1948 277 649 1949 276 650 1950 277 650 1951 279 650 1952 278 651 1953 279 651 1954 281 651 1955 280 652 1956 281 652 1957 283 652 1958 282 653 1959 283 653 1960 285 653 1961 284 654 1962 285 654 1963 287 654 1964 286 655 1965 287 655 1966 289 655 1967 288 656 1968 289 656 1969 291 656 1970 290 657 1971 291 657 1972 293 657 1973 292 658 1974 293 658 1975 295 658 1976 294 659 1977 295 659 1978 297 659 1979 296 660 1980 297 660 1981 299 660 1982 298 661 1983 299 661 1984 301 661 1985 300 662 1986 301 662 1987 303 662 1988 302 663 1989 303 663 1990 305 663 1991 304 664 1992 305 664 1993 307 664 1994 306 665 1995 307 665 1996 309 665 1997 308 666 1998 309 666 1999 311 666 2000 310 667 2001 311 667 2002 313 667 2003 312 668 2004 313 668 2005 315 668 2006 314 669 2007 315 669 2008 317 669 2009 316 670 2010 317 670 2011 319 670 2012 318 671 2013 319 671 2014 321 671 2015 320 672 2016 321 672 2017 323 672 2018 322 673 2019 323 673 2020 325 673 2021 269 674 2022 267 674 2023 325 674 2024 267 675 2025 265 675 2026 325 675 2027 265 676 2028 327 676 2029 325 676 2030 325 677 2031 323 677 2032 321 677 2033 321 678 2034 319 678 2035 325 678 2036 319 679 2037 317 679 2038 325 679 2039 317 680 2040 315 680 2041 309 680 2042 315 681 2043 313 681 2044 309 681 2045 313 682 2046 311 682 2047 309 682 2048 309 683 2049 307 683 2050 305 683 2051 305 684 2052 303 684 2053 301 684 2054 301 685 2055 299 685 2056 297 685 2057 297 686 2058 295 686 2059 293 686 2060 293 687 2061 291 687 2062 289 687 2063 289 688 2064 287 688 2065 285 688 2066 285 689 2067 283 689 2068 281 689 2069 281 690 2070 279 690 2071 285 690 2072 279 691 2073 277 691 2074 285 691 2075 277 692 2076 275 692 2077 269 692 2078 275 693 2079 273 693 2080 269 693 2081 273 694 2082 271 694 2083 269 694 2084 309 695 2085 305 695 2086 317 695 2087 305 696 2088 301 696 2089 317 696 2090 301 697 2091 297 697 2092 285 697 2093 297 698 2094 293 698 2095 285 698 2096 293 699 2097 289 699 2098 285 699 2099 269 700 2100 325 700 2101 301 700 2102 325 701 2103 317 701 2104 301 701 2105 285 702 2106 277 702 2107 269 702 2108 324 703 2109 325 703 2110 327 703 2111 326 704 2112 327 704 2113 265 704 2114 326 705 2115 264 705 2116 266 705 2117 266 706 2118 268 706 2119 326 706 2120 268 707 2121 270 707 2122 326 707 2123 270 708 2124 272 708 2125 274 708 2126 274 709 2127 276 709 2128 278 709 2129 278 710 2130 280 710 2131 286 710 2132 280 711 2133 282 711 2134 286 711 2135 282 712 2136 284 712 2137 286 712 2138 286 713 2139 288 713 2140 290 713 2141 290 714 2142 292 714 2143 286 714 2144 292 715 2145 294 715 2146 286 715 2147 294 716 2148 296 716 2149 302 716 2150 296 717 2151 298 717 2152 302 717 2153 298 718 2154 300 718 2155 302 718 2156 302 719 2157 304 719 2158 306 719 2159 306 720 2160 308 720 2161 310 720 2162 310 721 2163 312 721 2164 318 721 2165 312 722 2166 314 722 2167 318 722 2168 314 723 2169 316 723 2170 318 723 2171 318 724 2172 320 724 2173 322 724 2174 322 725 2175 324 725 2176 318 725 2177 324 726 2178 326 726 2179 318 726 2180 270 727 2181 274 727 2182 326 727 2183 274 728 2184 278 728 2185 326 728 2186 302 729 2187 306 729 2188 294 729 2189 306 730 2190 310 730 2191 294 730 2192 278 731 2193 286 731 2194 326 731 2195 286 732 2196 294 732 2197 326 732 2198 310 733 2199 318 733 2200 326 733 2201 328 734 2202 329 734 2203 331 734 2204 330 735 2205 331 735 2206 333 735 2207 332 736 2208 333 736 2209 335 736 2210 334 737 2211 335 737 2212 337 737 2213 336 738 2214 337 738 2215 339 738 2216 338 739 2217 339 739 2218 341 739 2219 340 740 2220 341 740 2221 343 740 2222 342 741 2223 343 741 2224 345 741 2225 344 742 2226 345 742 2227 347 742 2228 346 743 2229 347 743 2230 349 743 2231 348 744 2232 349 744 2233 351 744 2234 350 745 2235 351 745 2236 353 745 2237 352 746 2238 353 746 2239 355 746 2240 354 747 2241 355 747 2242 357 747 2243 356 748 2244 357 748 2245 359 748 2246 358 749 2247 359 749 2248 361 749 2249 360 750 2250 361 750 2251 363 750 2252 362 751 2253 363 751 2254 365 751 2255 364 752 2256 365 752 2257 367 752 2258 366 753 2259 367 753 2260 369 753 2261 368 754 2262 369 754 2263 371 754 2264 370 755 2265 371 755 2266 373 755 2267 372 756 2268 373 756 2269 375 756 2270 374 757 2271 375 757 2272 377 757 2273 376 758 2274 377 758 2275 379 758 2276 378 759 2277 379 759 2278 381 759 2279 380 760 2280 381 760 2281 383 760 2282 382 761 2283 383 761 2284 385 761 2285 384 762 2286 385 762 2287 387 762 2288 386 763 2289 387 763 2290 389 763 2291 333 764 2292 331 764 2293 329 764 2294 329 765 2295 391 765 2296 389 765 2297 389 766 2298 387 766 2299 385 766 2300 385 767 2301 383 767 2302 389 767 2303 383 768 2304 381 768 2305 389 768 2306 381 769 2307 379 769 2308 377 769 2309 377 770 2310 375 770 2311 373 770 2312 373 771 2313 371 771 2314 365 771 2315 371 772 2316 369 772 2317 365 772 2318 369 773 2319 367 773 2320 365 773 2321 365 774 2322 363 774 2323 361 774 2324 361 775 2325 359 775 2326 357 775 2327 357 776 2328 355 776 2329 353 776 2330 353 777 2331 351 777 2332 357 777 2333 351 778 2334 349 778 2335 357 778 2336 349 779 2337 347 779 2338 341 779 2339 347 780 2340 345 780 2341 341 780 2342 345 781 2343 343 781 2344 341 781 2345 341 782 2346 339 782 2347 333 782 2348 339 783 2349 337 783 2350 333 783 2351 337 784 2352 335 784 2353 333 784 2354 333 785 2355 329 785 2356 389 785 2357 381 786 2358 377 786 2359 365 786 2360 377 787 2361 373 787 2362 365 787 2363 365 788 2364 361 788 2365 357 788 2366 333 789 2367 389 789 2368 365 789 2369 389 790 2370 381 790 2371 365 790 2372 365 791 2373 357 791 2374 333 791 2375 357 792 2376 349 792 2377 333 792 2378 388 793 2379 389 793 2380 391 793 2381 390 794 2382 391 794 2383 329 794 2384 390 795 2385 328 795 2386 330 795 2387 330 796 2388 332 796 2389 390 796 2390 332 797 2391 334 797 2392 390 797 2393 334 798 2394 336 798 2395 338 798 2396 338 799 2397 340 799 2398 342 799 2399 342 800 2400 344 800 2401 346 800 2402 346 801 2403 348 801 2404 350 801 2405 350 802 2406 352 802 2407 354 802 2408 354 803 2409 356 803 2410 350 803 2411 356 804 2412 358 804 2413 350 804 2414 358 805 2415 360 805 2416 362 805 2417 362 806 2418 364 806 2419 358 806 2420 364 807 2421 366 807 2422 358 807 2423 366 808 2424 368 808 2425 370 808 2426 370 809 2427 372 809 2428 374 809 2429 374 810 2430 376 810 2431 382 810 2432 376 811 2433 378 811 2434 382 811 2435 378 812 2436 380 812 2437 382 812 2438 382 813 2439 384 813 2440 386 813 2441 386 814 2442 388 814 2443 382 814 2444 388 815 2445 390 815 2446 382 815 2447 334 816 2448 338 816 2449 390 816 2450 338 817 2451 342 817 2452 390 817 2453 342 818 2454 346 818 2455 350 818 2456 366 819 2457 370 819 2458 358 819 2459 370 820 2460 374 820 2461 358 820 2462 342 821 2463 350 821 2464 390 821 2465 350 822 2466 358 822 2467 390 822 2468 374 823 2469 382 823 2470 358 823 2471 392 824 2472 393 824 2473 395 824 2474 394 825 2475 395 825 2476 397 825 2477 396 826 2478 397 826 2479 399 826 2480 398 827 2481 399 827 2482 401 827 2483 400 828 2484 401 828 2485 403 828 2486 402 829 2487 403 829 2488 405 829 2489 404 830 2490 405 830 2491 407 830 2492 406 831 2493 407 831 2494 409 831 2495 408 832 2496 409 832 2497 411 832 2498 410 833 2499 411 833 2500 413 833 2501 412 834 2502 413 834 2503 415 834 2504 414 835 2505 415 835 2506 417 835 2507 416 836 2508 417 836 2509 419 836 2510 418 837 2511 419 837 2512 421 837 2513 420 838 2514 421 838 2515 423 838 2516 422 839 2517 423 839 2518 425 839 2519 424 840 2520 425 840 2521 427 840 2522 426 841 2523 427 841 2524 429 841 2525 428 842 2526 429 842 2527 431 842 2528 430 843 2529 431 843 2530 433 843 2531 432 844 2532 433 844 2533 435 844 2534 434 845 2535 435 845 2536 437 845 2537 436 846 2538 437 846 2539 439 846 2540 438 847 2541 439 847 2542 441 847 2543 440 848 2544 441 848 2545 443 848 2546 442 849 2547 443 849 2548 445 849 2549 444 850 2550 445 850 2551 447 850 2552 446 851 2553 447 851 2554 449 851 2555 448 852 2556 449 852 2557 451 852 2558 450 853 2559 451 853 2560 453 853 2561 397 854 2562 395 854 2563 393 854 2564 393 855 2565 455 855 2566 453 855 2567 453 856 2568 451 856 2569 449 856 2570 449 857 2571 447 857 2572 453 857 2573 447 858 2574 445 858 2575 453 858 2576 445 859 2577 443 859 2578 441 859 2579 441 860 2580 439 860 2581 437 860 2582 437 861 2583 435 861 2584 429 861 2585 435 862 2586 433 862 2587 429 862 2588 433 863 2589 431 863 2590 429 863 2591 429 864 2592 427 864 2593 425 864 2594 425 865 2595 423 865 2596 421 865 2597 421 866 2598 419 866 2599 417 866 2600 417 867 2601 415 867 2602 421 867 2603 415 868 2604 413 868 2605 421 868 2606 413 869 2607 411 869 2608 409 869 2609 409 870 2610 407 870 2611 405 870 2612 405 871 2613 403 871 2614 397 871 2615 403 872 2616 401 872 2617 397 872 2618 401 873 2619 399 873 2620 397 873 2621 397 874 2622 393 874 2623 453 874 2624 445 875 2625 441 875 2626 429 875 2627 441 876 2628 437 876 2629 429 876 2630 429 877 2631 425 877 2632 421 877 2633 413 878 2634 409 878 2635 397 878 2636 409 879 2637 405 879 2638 397 879 2639 397 880 2640 453 880 2641 429 880 2642 453 881 2643 445 881 2644 429 881 2645 429 882 2646 421 882 2647 397 882 2648 452 883 2649 453 883 2650 455 883 2651 454 884 2652 455 884 2653 393 884 2654 454 885 2655 392 885 2656 394 885 2657 394 886 2658 396 886 2659 454 886 2660 396 887 2661 398 887 2662 454 887 2663 398 888 2664 400 888 2665 402 888 2666 402 889 2667 404 889 2668 406 889 2669 406 890 2670 408 890 2671 414 890 2672 408 891 2673 410 891 2674 414 891 2675 410 892 2676 412 892 2677 414 892 2678 414 893 2679 416 893 2680 418 893 2681 418 894 2682 420 894 2683 414 894 2684 420 895 2685 422 895 2686 414 895 2687 422 896 2688 424 896 2689 426 896 2690 426 897 2691 428 897 2692 422 897 2693 428 898 2694 430 898 2695 422 898 2696 430 899 2697 432 899 2698 434 899 2699 434 900 2700 436 900 2701 438 900 2702 438 901 2703 440 901 2704 446 901 2705 440 902 2706 442 902 2707 446 902 2708 442 903 2709 444 903 2710 446 903 2711 446 904 2712 448 904 2713 450 904 2714 450 905 2715 452 905 2716 446 905 2717 452 906 2718 454 906 2719 446 906 2720 398 907 2721 402 907 2722 454 907 2723 402 908 2724 406 908 2725 454 908 2726 430 909 2727 434 909 2728 422 909 2729 434 910 2730 438 910 2731 422 910 2732 406 911 2733 414 911 2734 454 911 2735 414 912 2736 422 912 2737 454 912 2738 438 913 2739 446 913 2740 422 913 2741 456 914 2742 457 914 2743 459 914 2744 458 915 2745 459 915 2746 461 915 2747 460 916 2748 461 916 2749 463 916 2750 462 917 2751 463 917 2752 465 917 2753 464 918 2754 465 918 2755 467 918 2756 466 919 2757 467 919 2758 469 919 2759 468 920 2760 469 920 2761 471 920 2762 470 921 2763 471 921 2764 473 921 2765 472 922 2766 473 922 2767 475 922 2768 474 923 2769 475 923 2770 477 923 2771 476 924 2772 477 924 2773 479 924 2774 478 925 2775 479 925 2776 481 925 2777 480 926 2778 481 926 2779 483 926 2780 482 927 2781 483 927 2782 485 927 2783 484 928 2784 485 928 2785 487 928 2786 486 929 2787 487 929 2788 489 929 2789 488 930 2790 489 930 2791 491 930 2792 490 931 2793 491 931 2794 493 931 2795 492 932 2796 493 932 2797 495 932 2798 494 933 2799 495 933 2800 497 933 2801 496 934 2802 497 934 2803 499 934 2804 498 935 2805 499 935 2806 501 935 2807 500 936 2808 501 936 2809 503 936 2810 502 937 2811 503 937 2812 505 937 2813 504 938 2814 505 938 2815 507 938 2816 506 939 2817 507 939 2818 509 939 2819 508 940 2820 509 940 2821 511 940 2822 510 941 2823 511 941 2824 513 941 2825 512 942 2826 513 942 2827 515 942 2828 514 943 2829 515 943 2830 517 943 2831 461 944 2832 459 944 2833 457 944 2834 457 945 2835 519 945 2836 517 945 2837 517 946 2838 515 946 2839 513 946 2840 513 947 2841 511 947 2842 517 947 2843 511 948 2844 509 948 2845 517 948 2846 509 949 2847 507 949 2848 505 949 2849 505 950 2850 503 950 2851 501 950 2852 501 951 2853 499 951 2854 497 951 2855 497 952 2856 495 952 2857 501 952 2858 495 953 2859 493 953 2860 501 953 2861 493 954 2862 491 954 2863 489 954 2864 489 955 2865 487 955 2866 485 955 2867 485 956 2868 483 956 2869 477 956 2870 483 957 2871 481 957 2872 477 957 2873 481 958 2874 479 958 2875 477 958 2876 477 959 2877 475 959 2878 473 959 2879 473 960 2880 471 960 2881 477 960 2882 471 961 2883 469 961 2884 477 961 2885 469 962 2886 467 962 2887 465 962 2888 465 963 2889 463 963 2890 461 963 2891 461 964 2892 457 964 2893 509 964 2894 457 965 2895 517 965 2896 509 965 2897 509 966 2898 505 966 2899 501 966 2900 493 967 2901 489 967 2902 477 967 2903 489 968 2904 485 968 2905 477 968 2906 469 969 2907 465 969 2908 461 969 2909 509 970 2910 501 970 2911 493 970 2912 477 971 2913 469 971 2914 461 971 2915 461 972 2916 509 972 2917 477 972 2918 516 973 2919 517 973 2920 519 973 2921 518 974 2922 519 974 2923 457 974 2924 518 975 2925 456 975 2926 462 975 2927 456 976 2928 458 976 2929 462 976 2930 458 977 2931 460 977 2932 462 977 2933 462 978 2934 464 978 2935 466 978 2936 466 979 2937 468 979 2938 462 979 2939 468 980 2940 470 980 2941 462 980 2942 470 981 2943 472 981 2944 474 981 2945 474 982 2946 476 982 2947 470 982 2948 476 983 2949 478 983 2950 470 983 2951 478 984 2952 480 984 2953 482 984 2954 482 985 2955 484 985 2956 486 985 2957 486 986 2958 488 986 2959 494 986 2960 488 987 2961 490 987 2962 494 987 2963 490 988 2964 492 988 2965 494 988 2966 494 989 2967 496 989 2968 498 989 2969 498 990 2970 500 990 2971 494 990 2972 500 991 2973 502 991 2974 494 991 2975 502 992 2976 504 992 2977 510 992 2978 504 993 2979 506 993 2980 510 993 2981 506 994 2982 508 994 2983 510 994 2984 510 995 2985 512 995 2986 518 995 2987 512 996 2988 514 996 2989 518 996 2990 514 997 2991 516 997 2992 518 997 2993 478 998 2994 482 998 2995 470 998 2996 482 999 2997 486 999 2998 470 999 2999 518 1000 3000 462 1000 3001 470 1000 3002 486 1001 3003 494 1001 3004 502 1001 3005 502 1002 3006 510 1002 3007 486 1002 3008 510 1003 3009 518 1003 3010 486 1003 3011 520 1004 3012 523 1004 3013 522 1004 3014 522 1005 3015 527 1005 3016 526 1005 3017 526 1006 3018 525 1006 3019 524 1006 3020 524 1007 3021 521 1007 3022 520 1007 3023 522 1008 3024 524 1008 3025 520 1008 3026 527 1009 3027 521 1009 3028 525 1009 3029 528 1010 3030 531 1010 3031 530 1010 3032 530 1011 3033 535 1011 3034 534 1011 3035 534 1012 3036 533 1012 3037 532 1012 3038 532 1013 3039 529 1013 3040 528 1013 3041 530 1014 3042 532 1014 3043 528 1014 3044 535 1015 3045 529 1015 3046 533 1015 3047 536 1016 3048 539 1016 3049 538 1016 3050 538 1017 3051 543 1017 3052 542 1017 3053 542 1018 3054 541 1018 3055 540 1018 3056 540 1019 3057 537 1019 3058 536 1019 3059 538 1020 3060 540 1020 3061 536 1020 3062 543 1021 3063 537 1021 3064 541 1021 3065 544 1022 3066 547 1022 3067 546 1022 3068 546 1023 3069 551 1023 3070 550 1023 3071 550 1024 3072 549 1024 3073 548 1024 3074 548 1025 3075 545 1025 3076 544 1025 3077 546 1026 3078 548 1026 3079 544 1026 3080 551 1027 3081 545 1027 3082 549 1027 3083 520 1028 3084 521 1028 3085 523 1028 3086 522 1029 3087 523 1029 3088 527 1029 3089 526 1030 3090 527 1030 3091 525 1030 3092 524 1031 3093 525 1031 3094 521 1031 3095 522 1032 3096 526 1032 3097 524 1032 3098 527 1033 3099 523 1033 3100 521 1033 3101 528 1034 3102 529 1034 3103 531 1034 3104 530 1035 3105 531 1035 3106 535 1035 3107 534 1036 3108 535 1036 3109 533 1036 3110 532 1037 3111 533 1037 3112 529 1037 3113 530 1038 3114 534 1038 3115 532 1038 3116 535 1039 3117 531 1039 3118 529 1039 3119 536 1040 3120 537 1040 3121 539 1040 3122 538 1041 3123 539 1041 3124 543 1041 3125 542 1042 3126 543 1042 3127 541 1042 3128 540 1043 3129 541 1043 3130 537 1043 3131 538 1044 3132 542 1044 3133 540 1044 3134 543 1045 3135 539 1045 3136 537 1045 3137 544 1046 3138 545 1046 3139 547 1046 3140 546 1047 3141 547 1047 3142 551 1047 3143 550 1048 3144 551 1048 3145 549 1048 3146 548 1049 3147 549 1049 3148 545 1049 3149 546 1050 3150 550 1050 3151 548 1050 3152 551 1051 3153 547 1051 3154 545 1051 3155</p>
        </triangles>
      </mesh>
    </geometry>
  </library_geometries>
  <library_visual_scenes>
    <visual_scene id="Scene" name="Scene">
      <node id="tmp_export_Cylinder_011" name="tmp_export_Cylinder.011" type="NODE">
        <matrix sid="transform">1 0 0 0 0 1 0 0 0 0 1 0 0 0 0 1</matrix>
        <instance_geometry url="#Cylinder_011-mesh" name="tmp_export_Cylinder.011">
          <bind_material>
            <technique_common>
              <instance_material symbol="Material-material" target="#Material-material">
                <bind_vertex_input semantic="UVMap" input_semantic="TEXCOORD" input_set="0"/>
              </instance_material>
            </technique_common>
          </bind_material>
        </instance_geometry>
      </node>
    </visual_scene>
  </library_visual_scenes>
  <scene>
    <instance_visual_scene url="#Scene"/>
  </scene>
</COLLADA>